ID,Predicted
001i000000LhyPF,0.9767585
001i000000LhyPG,0.9965249
001i000000LhyPP,0.98271066
001i000000LhyPb,0.96005857
001i000000LhyPg,0.99726677
001i000000LhyPm,0.95543844
001i000000LhyQ3,0.9498397
001i000000LhyQ5,0.9479179
001i000000LhyQ6,0.984535
001i000000LhyQ7,0.9739265
001i000000LhyQG,0.97351295
001i000000LhyQQ,0.9939241
001i000000LhyQY,0.9755415
001i000000LhyQa,0.98074955
001i000000LhyQh,0.99306047
001i000000LhyQl,0.9397885
001i000000LhyQq,0.9845804
001i000000LhyQu,0.99483067
001i000000LhyQv,0.98095196
001i000000LhyQx,0.97279006
001i000000LhyR7,0.9930282
001i000000LhyR8,0.9973418
001i000000LhyRE,0.9917908
001i000000LhyRN,0.9603323
001i000000LhyRV,0.9820955
001i000000LhyRX,0.9854323
001i000000LhyRY,0.9961759
001i000000LhyRt,0.99642146
001i000000LhyS7,0.9780035
001i000000LhyS8,0.9895531
001i000000LhySA,0.9898734
001i000000LhySc,0.998486
001i000000LhySk,0.9795687
001i000000LhySl,0.8965235
001i000000LhySt,0.99033546
001i000000LhySu,0.8736544
001i000000LhySv,0.99607974
001i000000LhySy,0.9357582
001i000000LhyT8,0.9947364
001i000000LhyTI,0.9979674
001i000000LhyTN,0.9969325
001i000000LhyTa,0.0055514644
001i000000LhyTd,0.961654
001i000000LhyTr,0.9929172
001i000000LhyTx,0.9917201
001i000000LhyTy,0.7413598
001i000000LhyU9,0.98349774
001i000000LhyUD,0.98699397
001i000000LhyUE,0.914845
001i000000LhyUH,0.9783756
001i000000LhyUs,0.97838813
001i000000LhyUt,0.62995195
001i000000LhyUz,0.20449066
001i000000LhyV6,0.9971438
001i000000LhyVL,0.94922835
001i000000LhyVP,0.9627936
001i000000LhyVR,0.9884482
001i000000LhyVc,0.9943118
001i000000LhyVo,0.6421166
001i000000LhyVs,0.8919445
001i000000LhyVt,0.98601544
001i000000LhyW3,0.4840815
001i000000LhyWV,0.03212737
001i000000LhyWb,0.1475032
001i000000LhyWh,0.9961377
001i000000LhyWw,0.2528962
001i000000LhyWz,0.9878735
001i000000LhyX0,0.93424934
001i000000LhyXK,0.9874505
001i000000LhyXN,0.9950289
001i000000LhyXS,0.95653147
001i000000LhyXU,0.9942259
001i000000LhyXV,0.124677226
001i000000LhyXh,0.3777513
001i000000LhyY2,0.0037519366
001i000000LhyY4,0.86825675
001i000000LhyYB,0.5761559
001i000000LhyYF,0.6206416
001i000000LhyYL,0.99442804
001i000000LhyYP,0.9889904
001i000000LhyYX,0.9715674
001i000000LhyYY,0.26943746
001i000000LhyYb,0.9822741
001i000000LhyYe,0.86327666
001i000000LhyYh,0.86327666
001i000000LhyYo,0.9949438
001i000000LhyYz,0.9735483
001i000000LhyZD,0.97321004
001i000000LhyZN,0.68551564
001i000000LhyZR,0.5570524
001i000000LhyZS,0.73365575
001i000000LhyZf,0.9880287
001i000000LhyZo,0.98188585
001i000000Lhya0,0.43434823
001i000000Lhya5,0.0115320785
001i000000LhyaE,0.30472437
001i000000LhyaM,0.99556434
001i000000LhyaR,0.9691214
001i000000LhyaU,0.98869485
001i000000LhyaW,0.9798457
001i000000LhyaZ,0.9933315
001i000000Lhyaa,0.98872036
001i000000Lhyaj,0.9910102
001i000000Lhyas,0.8765536
001i000000Lhyau,0.9954092
001i000000Lhyb1,0.5243655
001i000000LhybK,0.3415656
001i000000LhybN,0.99333256
001i000000LhybT,0.683997
001i000000LhybW,0.9326117
001i000000Lhybi,0.97713566
001i000000Lhybm,0.9587443
001i000000Lhybq,0.829651
001i000000Lhybr,0.9973605
001i000000Lhybs,0.7939824
001i000000Lhybt,0.9969453
001i000000Lhyc0,0.00210556
001i000000Lhyc8,0.8757478
001i000000LhycG,0.7553801
001i000000LhycJ,0.99209833
001i000000LhycV,0.99495065
001i000000LhycZ,0.9858094
001i000000Lhyce,0.24917094
001i000000Lhych,0.68307656
001i000000Lhycm,0.9978709
001i000000Lhycw,0.54012036
001i000000Lhyd2,0.9969662
001i000000LhydG,0.99585634
001i000000LhydI,0.934025
001i000000LhydS,0.9087557
001i000000LhydV,0.98616064
001i000000Lhydc,0.88755095
001i000000Lhydh,0.93009245
001i000000Lhydp,0.9858949
001i000000Lhydq,0.0009223774
001i000000Lhydu,0.84901226
001i000000Lhydy,0.9876494
001i000000Li857,0.68529797
001i000000Li94C,0.68529797
001i000000Li94O,0.49445704
001i000000Li94P,0.3891244
001i000000Li94Q,0.68529797
001i000000Li94i,0.68529797
001i000000Li94q,0.68529797
001i000000Li94u,0.68529797
001i000000Li94v,0.54012036
001i000000Li951,0.68529797
001i000000Li955,0.68529797
001i000000Li959,0.68529797
001i000000Li95T,0.68529797
001i000000Li95W,0.68529797
001i000000Li95g,0.68529797
001i000000Li95h,0.68529797
001i000000Li95k,0.68529797
001i000000Li95l,0.68529797
001i000000Li95u,0.68529797
001i000000Li961,0.68529797
001i000000Li96C,0.68529797
001i000000Li96J,0.68529797
001i000000Li96N,0.68529797
001i000000LiKyi,0.68529797
001i000000LiKyj,0.68529797
001i000000LiKyq,0.68529797
001i000000MJzTH,0.54012036
001i000000MJzTQ,0.54012036
001i000000MJzTW,0.54012036
001i000000MJzTb,0.54012036
001i000000MJzTc,0.54012036
001i000000MJzTf,0.54012036
001i000000MJzTi,0.68529797
001i000000MJzTo,0.54012036
001i000000MJzTq,0.54012036
001i000000MJzTy,0.54012036
001i000000MJzUC,0.54012036
001i000000MJzUE,0.68529797
001i000000MJzUF,0.54012036
001i000000MJzUH,0.54012036
001i000000MJzUX,0.68529797
001i000000MJzUY,0.68529797
001i000000MJzUZ,0.68529797
001i000000MJzUc,0.68529797
001i000000MJzUd,0.68529797
001i000000MJzUk,0.68529797
001i000000MJzUo,0.54012036
001i000000MJzUs,0.54012036
001i000000MJzV2,0.54012036
001i000000MJzVE,0.54012036
001i000000MJzVO,0.54012036
001i000000MJzVR,0.54012036
001i000000MJzVT,0.54012036
001i000000MJzVZ,0.54012036
001i000000MJzVd,0.54012036
001i000000MJzVf,0.54012036
001i000000MJzVh,0.54012036
001i000000MJzVx,0.54012036
001i000000MJzW4,0.54012036
001i000000MJzWD,0.54012036
001i000000MJzWF,0.54012036
001i000000MJzWG,0.54012036
001i000000MJzWJ,0.54012036
001i000000MJzWO,0.54012036
001i000000MJzWQ,0.54012036
001i000000MJzWU,0.54012036
001i000000MJzWf,0.68529797
001i000000MJzWm,0.68529797
001i000000MJzWu,0.68529797
001i000000MJzX1,0.68529797
001i000000MJzX4,0.68529797
001i000000MJzXV,0.68529797
001i000000MJzXn,0.54012036
001i000000MJzXr,0.68529797
001i000000MJzXx,0.68529797
001i000000MJzY7,0.68529797
001i000000MJzYA,0.68529797
001i000000MJzYD,0.68529797
001i000000MJzYI,0.68529797
001i000000MJzYX,0.68529797
001i000000MJzYZ,0.68529797
001i000000MJzYf,0.68529797
001i000000MJzYj,0.68529797
001i000000MJzYp,0.54012036
001i000000MJzYr,0.54012036
001i000000MJzYu,0.54012036
001i000000MJzZ6,0.54012036
001i000000MJzZJ,0.68529797
001i000000MJzZW,0.68529797
001i000000MJzZY,0.68529797
001i000000MJzZd,0.68529797
001i000000MJzZe,0.68529797
001i000000MJzZm,0.68529797
001i000000MJzZr,0.68529797
001i000000MJzZu,0.68529797
001i000000MJza1,0.68529797
001i000000MJza2,0.68529797
001i000000MJza5,0.68529797
001i000000MJzaB,0.68529797
001i000000MJzaN,0.68529797
001i000000MJzaR,0.68529797
001i000000MJzaT,0.68529797
001i000000MJzaX,0.68529797
001i000000MJzaf,0.68529797
001i000000MJzap,0.68529797
001i000000MJzas,0.54012036
001i000000MJzaz,0.68529797
001i000000MJzb1,0.68529797
001i000000MJzbk,0.68529797
001i000000MJzbq,0.68529797
001i000000MKXgY,0.68529797
001i000000MKXga,0.54012036
001i000000MKXgf,0.68529797
001i000000MKXgh,0.68529797
001i000000MKXgt,0.68529797
001i000000MKXgv,0.68529797
001i000000MKXgy,0.68529797
001i000000MKXh1,0.68529797
001i000000MKXh3,0.68529797
001i000000MKXh9,0.68529797
001i000000N1vMU,0.68529797
001i000000N1vVP,0.68529797
001i000000N1vVb,0.68529797
001i000000N1vVf,0.68529797
001i000000N1vVp,0.68529797
001i000000N1vVr,0.68529797
001i000000N1vW1,0.68529797
001i000000Nu8bK,0.68529797
001i000000NuG9K,0.68529797
001i000000NuN7r,0.68529797
001i000000NuNE1,0.2503602
001i000000NuNOz,0.68529797
001i000000NuNQh,0.93726677
001i000000NuNR0,0.54012036
001i000000NuNRj,0.54012036
001i000000NuNS9,0.376497
001i000000NuNSJ,0.54012036
001i000000NuNTX,0.08826074
001i000000NuNUB,0.3238353
001i000000NuNUT,0.54012036
001i000000NuNV4,0.43897662
001i000000NuNVJ,0.3420951
001i000000NuNVT,0.4819195
001i000000NuNVX,0.5490963
001i000000NuNVa,0.54012036
001i000000NuNVb,0.4264298
001i000000NuNVc,0.118380435
001i000000NuNVg,0.54012036
001i000000NuNVq,0.54012036
001i000000NuNVs,0.54012036
001i000000NuNVy,0.22487627
001i000000NuNVz,0.44543055
001i000000NuNW4,0.2969694
001i000000NuNW5,0.38903567
001i000000NuNWI,0.676871
001i000000NuNWO,0.54012036
001i000000NuNWR,0.68529797
001i000000NuNWZ,0.54012036
001i000000NuNWe,0.3869551
001i000000NuNWg,0.8340954
001i000000NuNWh,0.03754769
001i000000NuNWj,0.28511763
001i000000NuNWo,0.37727505
001i000000NuNXA,0.54012036
001i000000NuNXG,0.54012036
001i000000NuNXT,0.6064645
001i000000NuNXe,0.20385663
001i000000NuNXf,0.68529797
001i000000NuNXm,0.6679881
001i000000NuNXo,0.35165167
001i000000NuNXx,0.54012036
001i000000NuNYA,0.68529797
001i000000NuNYH,0.68529797
001i000000NuNYL,0.54012036
001i000000NuNYS,0.54012036
001i000000NuNYY,0.54012036
001i000000NuNYb,0.28106055
001i000000NuNYc,0.68529797
001i000000NuNYu,0.28387004
001i000000NuNYw,0.68529797
001i000000NuNYy,0.23173083
001i000000NuNYz,0.68529797
001i000000NuNZ7,0.68529797
001i000000NuNZL,0.68529797
001i000000NuNZa,0.68529797
001i000000NuNZw,0.49844676
001i000000NuNa9,0.68529797
001i000000NuNaB,0.68529797
001i000000NuNaF,0.68529797
001i000000NuNaP,0.34588346
001i000000NuNaU,0.68529797
001i000000NuNaW,0.68529797
001i000000NuNaq,0.68529797
001i000000NuNar,0.367454
001i000000NuNav,0.63402766
001i000000NuNb1,0.68529797
001i000000NuNbJ,0.26370832
001i000000NuNbK,0.68529797
001i000000NuNbY,0.18653749
001i000000NuNbo,0.41667262
001i000000NuNbq,0.68529797
001i000000NuNbz,0.54012036
001i000000NuNc1,0.68529797
001i000000NuNcB,0.20357496
001i000000NuNcI,0.68529797
001i000000NuNcJ,0.36296389
001i000000NuNcP,0.68529797
001i000000NuNcZ,0.6721231
001i000000NuNcg,0.68529797
001i000000NuNck,0.68529797
001i000000NuNcl,0.68529797
001i000000NuNco,0.54012036
001i000000NuNcp,0.19258109
001i000000NuNct,0.68529797
001i000000NuNd8,0.68529797
001i000000NuNdJ,0.68529797
001i000000NuNdM,0.68529797
001i000000NuNdO,0.54012036
001i000000NuNdS,0.54012036
001i000000NuNda,0.68529797
001i000000NuNdb,0.75359255
001i000000NuNdi,0.3208638
001i000000NuNdv,0.5303756
001i000000NuNe3,0.68529797
001i000000NuNeL,0.68529797
001i000000NuNea,0.65515465
001i000000NuNeu,0.68529797
001i000000NuNex,0.32860467
001i000000NuNf2,0.68529797
001i000000NuNfa,0.68529797
001i000000NuNfi,0.68529797
001i000000NuNg5,0.54012036
001i000000NuNg6,0.49816906
001i000000NuNgC,0.54012036
001i000000NuNgF,0.54012036
001i000000NuNgK,0.54012036
001i000000NuNgW,0.54012036
001i000000NuNga,0.54012036
001i000000NuNgf,0.54012036
001i000000NuNgk,0.54012036
001i000000NuNgr,0.54012036
001i000000NuNhK,0.54012036
001i000000NuNhO,0.54012036
001i000000NuNhP,0.54012036
001i000000NuNhS,0.68529797
001i000000NuNhV,0.54012036
001i000000NuNhZ,0.54012036
001i000000NuNhc,0.52863854
001i000000NuNhi,0.68529797
001i000000NuNhu,0.68529797
001i000000NuNhw,0.54012036
001i000000NuNi7,0.54012036
001i000000NuNiC,0.54012036
001i000000NuNiZ,0.54012036
001i000000NuNib,0.7221809
001i000000NuNiq,0.68529797
001i000000NuNiw,0.68529797
001i000000NuNj2,0.54012036
001i000000NuNjA,0.54012036
001i000000NuNjT,0.42350852
001i000000NuNjZ,0.68529797
001i000000NuNjb,0.54012036
001i000000NuNjj,0.68529797
001i000000NuNjk,0.68529797
001i000000NuNjp,0.54012036
001i000000NuNjr,0.54012036
001i000000NuNjv,0.44319907
001i000000NuNkB,0.011723168
001i000000NuNkC,0.01903091
001i000000NuNkE,0.32452706
001i000000NuNkH,0.54012036
001i000000NuNkt,0.68529797
001i000000NuNkx,0.70978695
001i000000NuNl6,0.54012036
001i000000NuNl8,0.68529797
001i000000NuNlQ,0.54012036
001i000000NuNlS,0.68529797
001i000000NuNlT,0.68529797
001i000000NuNlW,0.68529797
001i000000NuNla,0.54012036
001i000000NuNlj,0.61792946
001i000000NuNlr,0.54012036
001i000000NuNlv,0.54012036
001i000000NuNm1,0.54012036
001i000000NuNm8,0.7433575
001i000000NuNmF,0.52809346
001i000000NuNmK,0.38905978
001i000000NuNmP,0.82094604
001i000000NuNmR,0.54012036
001i000000NuNmV,0.54012036
001i000000NuNme,0.54012036
001i000000NuNmh,0.32438153
001i000000NuNmi,0.4743642
001i000000NuNmk,0.7313218
001i000000NuNml,0.5226063
001i000000NuNmy,0.3238883
001i000000NuNn4,0.5082976
001i000000NuNn6,0.33530602
001i000000NuNnB,0.42836428
001i000000NuNnI,0.35532206
001i000000NuNnY,0.3844204
001i000000NuNnc,0.41948056
001i000000NuNne,0.7047891
001i000000NuNnp,0.54012036
001i000000NuNnq,0.9556178
001i000000NuNnr,0.5011605
001i000000NuNns,0.62489194
001i000000NuNo4,0.50464916
001i000000NuNo8,0.54012036
001i000000NuNoA,0.54012036
001i000000NuNoC,0.61138135
001i000000NuNoW,0.64977103
001i000000NuNoe,0.483303
001i000000NuNog,0.23142186
001i000000NuNoq,0.31885055
001i000000NuNot,0.54012036
001i000000NuNp6,0.29380098
001i000000NuNpA,0.61188686
001i000000NuNpK,0.23025936
001i000000NuNpN,0.37584656
001i000000NuNps,0.29240042
001i000000NuNpx,0.47326523
001i000000NuNqG,0.54012036
001i000000NuNqK,0.2255363
001i000000NuNqP,0.84044445
001i000000NuNqQ,0.13414288
001i000000NuNqa,0.4749097
001i000000NuNqk,0.32438153
001i000000NuNqo,0.68529797
001i000000NuNqx,0.6235947
001i000000NuNqz,0.23401631
001i000000NuNr2,0.3208638
001i000000NuNrH,0.54012036
001i000000NuNrL,0.54012036
001i000000NuNrT,0.7766295
001i000000NuNru,0.23401631
001i000000NuNs2,0.4148672
001i000000NuNsH,0.15551035
001i000000NuNsS,0.4973616
001i000000NuNsU,0.3021528
001i000000NuNsd,0.28941032
001i000000NuNso,0.44886962
001i000000NuNt0,0.11400683
001i000000NuNt1,0.5975364
001i000000NuNt3,0.44543055
001i000000NuNtH,0.58127457
001i000000NuNtI,0.5653689
001i000000NuNtO,0.48407614
001i000000NuNtW,0.3208638
001i000000NuNte,0.54012036
001i000000NuNtg,0.5909059
001i000000NuNtj,0.42836428
001i000000NuNtk,0.34677655
001i000000NuNtn,0.54012036
001i000000NuNto,0.34070948
001i000000NuNtq,0.35029694
001i000000NuNtt,0.074269176
001i000000NuNtw,0.3491261
001i000000NuNtx,0.54012036
001i000000NuNu0,0.0020268057
001i000000NuNu8,0.3504523
001i000000NuNuG,0.54012036
001i000000NuNuI,0.32785037
001i000000NuNuS,0.20812657
001i000000NuNuT,0.30063903
001i000000NuNuV,0.54012036
001i000000NuNuk,0.35201916
001i000000NuNuo,0.54012036
001i000000NuNuv,0.45053938
001i000000NuNuw,0.6361889
001i000000NuNuy,0.54012036
001i000000NuNv2,0.54012036
001i000000NuNvB,0.53886086
001i000000NuNvD,0.54012036
001i000000NuNvF,0.03584511
001i000000NuNvN,0.54012036
001i000000NuNvP,0.68529797
001i000000NuNvV,0.6143538
001i000000NuNvX,0.54012036
001i000000NuNvb,0.6193635
001i000000NuNvp,0.513738
001i000000NuNvs,0.68529797
001i000000NuNvt,0.70978695
001i000000NuNwA,0.33977306
001i000000NuNwC,0.0808744
001i000000NuNwN,0.54012036
001i000000NuNwQ,0.89437026
001i000000NuNwb,0.20124653
001i000000NuNwj,0.31447032
001i000000NuNwn,0.3355118
001i000000NuNx0,0.32785037
001i000000NuNxH,0.7628152
001i000000NuNxN,0.54012036
001i000000NuNxR,0.44813874
001i000000NuNxU,0.45664644
001i000000NuNxd,0.2827499
001i000000NuNxm,0.29854116
001i000000NuNxo,0.8375246
001i000000NuNxv,0.3025829
001i000000NuNxw,0.18742998
001i000000NuNy1,0.54012036
001i000000NuNy2,0.47207794
001i000000NuNy4,0.488631
001i000000NuNy5,0.91664714
001i000000NuNyK,0.54012036
001i000000NuNyN,0.12441786
001i000000NuNyc,0.2748013
001i000000NuNyd,0.8236496
001i000000NuNys,0.36619028
001i000000NuNyt,0.3971096
001i000000NuNyz,0.54012036
001i000000NuNz2,0.54012036
001i000000NuNzB,0.6039849
001i000000NuNzI,0.4749097
001i000000NuNzV,0.4837366
001i000000NuNze,0.4044829
001i000000NuNzi,0.34165314
001i000000NuNzp,0.58084553
001i000000NuNzs,0.4649999
001i000000NuNzt,0.48407614
001i000000NuNzw,0.53441656
001i000000NuO01,0.5865242
001i000000NuO04,0.54012036
001i000000NuO09,0.4044829
001i000000NuO0F,0.3070119
001i000000NuO0G,0.20591456
001i000000NuO0J,0.52809346
001i000000NuO0T,0.42836428
001i000000NuO0Y,0.21966642
001i000000NuO0k,0.20317696
001i000000NuO0o,0.5083561
001i000000NuO0p,0.43508637
001i000000NuO0x,0.2969694
001i000000NuO14,0.54012036
001i000000NuO17,0.33012447
001i000000NuO18,0.727819
001i000000NuO1B,0.50741804
001i000000NuO1O,0.42836428
001i000000NuO1V,0.82933664
001i000000NuO1W,0.35201916
001i000000NuO1X,0.0050785234
001i000000NuO1Z,0.4941979
001i000000NuO1b,0.5208198
001i000000NuO1g,0.2762473
001i000000NuO1i,0.3869551
001i000000NuO1l,0.31974694
001i000000NuO1n,0.36783752
001i000000NuO1q,0.26360512
001i000000NuO1z,0.2680692
001i000000NuO2L,0.38903567
001i000000NuO2X,0.209669
001i000000NuO2e,0.3771962
001i000000NuO2g,0.27640668
001i000000NuO2k,0.2204504
001i000000NuO34,0.2730038
001i000000NuO35,0.31710726
001i000000NuO3G,0.54012036
001i000000NuO3K,0.27900073
001i000000NuO3T,0.46231166
001i000000NuO3d,0.54012036
001i000000NuO3e,0.48284003
001i000000NuO3i,0.54240364
001i000000NuO3r,0.37341204
001i000000NuO3x,0.28471556
001i000000NuO42,0.48245093
001i000000NuO4C,0.4117788
001i000000NuO4H,0.18742998
001i000000NuO4I,0.2528171
001i000000NuO4N,0.16483095
001i000000NuO4a,0.32438153
001i000000NuO4l,0.54012036
001i000000NuO4y,0.30510312
001i000000NuO5B,0.22074893
001i000000NuO5O,0.6110486
001i000000NuO5V,0.6771695
001i000000NuO5l,0.49844676
001i000000NuO5x,0.31294534
001i000000NuO6F,0.43374336
001i000000NuO6K,0.2528171
001i000000NuO6Q,0.54240364
001i000000NuO6b,0.54012036
001i000000NuO6h,0.44291982
001i000000NuO6i,0.38903567
001i000000NuO72,0.52809346
001i000000NuO77,0.4749097
001i000000NuO7A,0.54012036
001i000000NuO7B,0.45664644
001i000000NuO7C,0.5824622
001i000000NuO7E,0.3971096
001i000000NuO7H,0.5668716
001i000000NuO7Y,0.28106055
001i000000NuO7a,0.3208638
001i000000NuO7e,0.54012036
001i000000NuO7h,0.24902618
001i000000NuO7i,0.3771962
001i000000NuO7k,0.28667668
001i000000NuO7p,0.3869551
001i000000NuO7u,0.25463352
001i000000NuO84,0.2684855
001i000000NuO8F,0.28941032
001i000000NuO8Q,0.55109215
001i000000NuO8Y,0.54012036
001i000000NuO8c,0.5100464
001i000000NuO8d,0.33977306
001i000000NuO8e,0.38905978
001i000000NuO8r,0.23219573
001i000000NuO92,0.56291
001i000000NuO93,0.42696488
001i000000NuO96,0.77846617
001i000000NuO9I,0.2528171
001i000000NuO9M,0.54012036
001i000000NuO9T,0.8736225
001i000000NuO9j,0.32438153
001i000000NuO9l,0.23173083
001i000000NuO9p,0.52532166
001i000000NuO9s,0.99248886
001i000000NuOAG,0.54012036
001i000000NuOAI,0.34180376
001i000000NuOAN,0.23666196
001i000000NuOAP,0.4749097
001i000000NuOAa,0.12829696
001i000000NuOAf,0.547868
001i000000NuOAl,0.68529797
001i000000NuOAv,0.5342398
001i000000NuOAx,0.035379097
001i000000NuOB8,0.36133957
001i000000NuOBC,0.366007
001i000000NuOBD,0.33938363
001i000000NuOBF,0.374946
001i000000NuOBP,0.32971612
001i000000NuOBY,0.5978665
001i000000NuOBb,0.54012036
001i000000NuOBc,0.54012036
001i000000NuOBf,0.5491728
001i000000NuOBo,0.33016473
001i000000NuOBx,0.48618293
001i000000NuOC1,0.54012036
001i000000NuOC2,0.54012036
001i000000NuOC7,0.54012036
001i000000NuOCZ,0.54012036
001i000000NuOCg,0.54012036
001i000000NuOCp,0.54012036
001i000000NuOCq,0.8388552
001i000000NuOCs,0.19644748
001i000000NuOCw,0.2140546
001i000000NuOCz,0.54012036
001i000000NuOD4,0.31885055
001i000000NuODE,0.54012036
001i000000NuODT,0.32439178
001i000000NuODY,0.54012036
001i000000NuODe,0.366007
001i000000NuODi,0.54012036
001i000000NuODn,0.54012036
001i000000NuODr,0.50607747
001i000000NuOE1,0.2650998
001i000000NuOE5,0.54012036
001i000000NuOEE,0.54012036
001i000000NuOEK,0.26877263
001i000000NuOEQ,0.9747394
001i000000NuOET,0.67413145
001i000000NuOEV,0.15303907
001i000000NuOEc,0.54012036
001i000000NuOEd,0.32525486
001i000000NuOEe,0.54012036
001i000000NuOEu,0.61188686
001i000000NuOFA,0.41841665
001i000000NuOFC,0.20246425
001i000000NuOFL,0.3420951
001i000000NuOFP,0.18279967
001i000000NuOFR,0.32579184
001i000000NuOFa,0.23768736
001i000000NuOFe,0.10577621
001i000000NuOFi,0.32579184
001i000000NuOFm,0.3695837
001i000000NuOFp,0.41216812
001i000000NuOGC,0.19805586
001i000000NuOGD,0.3435951
001i000000NuOGP,0.20165776
001i000000NuOGR,0.54012036
001i000000NuOGl,0.31885055
001i000000NuOGo,0.18279967
001i000000NuOH6,0.34654453
001i000000NuOHD,0.112636626
001i000000NuOHF,0.8736014
001i000000NuOHQ,0.68529797
001i000000NuOHU,0.28956312
001i000000NuOHc,0.74148077
001i000000NuOHd,0.54012036
001i000000NuOHk,0.54012036
001i000000NuOHm,0.65066415
001i000000NuOHt,0.54012036
001i000000NuOHv,0.68529797
001i000000NuOI0,0.78522485
001i000000NuOI1,0.54012036
001i000000NuOIF,0.5442017
001i000000NuOIh,0.5334366
001i000000NuOIr,0.68529797
001i000000NuOIy,0.54012036
001i000000NuOJB,0.54012036
001i000000NuOJF,0.54012036
001i000000NuOJZ,0.4353559
001i000000NuOJa,0.68529797
001i000000NuOJg,0.54012036
001i000000NuOJm,0.54012036
001i000000NuOJo,0.859216
001i000000NuOK2,0.54012036
001i000000NuOK3,0.38528463
001i000000NuOK4,0.54012036
001i000000NuOK6,0.8494625
001i000000NuOK8,0.54012036
001i000000NuOKB,0.67969835
001i000000NuOKH,0.92691594
001i000000NuOKJ,0.54012036
001i000000NuOKL,0.54012036
001i000000NuOKM,0.54012036
001i000000NuOKq,0.5833951
001i000000NuOKr,0.54012036
001i000000NuOL3,0.5900442
001i000000NuOLV,0.54012036
001i000000NuOLW,0.68529797
001i000000NuOLa,0.54012036
001i000000NuOLb,0.36783752
001i000000NuOLd,0.54012036
001i000000NuOLe,0.4612263
001i000000NuOLx,0.7743272
001i000000NuOLy,0.54012036
001i000000NuOM1,0.54012036
001i000000NuOM5,0.51561147
001i000000NuOM6,0.54012036
001i000000NuOM9,0.54012036
001i000000NuOMA,0.54012036
001i000000NuOMB,0.54012036
001i000000NuOMI,0.54012036
001i000000NuOMe,0.68529797
001i000000NuOMh,0.28850797
001i000000NuOMj,0.109763674
001i000000NuOMl,0.02345399
001i000000NuOMq,0.54012036
001i000000NuOMr,0.3432281
001i000000NuOMw,0.55609465
001i000000NuON6,0.54012036
001i000000NuONF,0.2114337
001i000000NuONH,0.54012036
001i000000NuONV,0.55347985
001i000000NuONY,0.20929782
001i000000NuONZ,0.39606962
001i000000NuONb,0.40744033
001i000000NuONc,0.36870512
001i000000NuONd,0.16437413
001i000000NuONe,0.21966642
001i000000NuONo,0.54012036
001i000000NuOO8,0.2204504
001i000000NuOOD,0.54012036
001i000000NuOOK,0.54012036
001i000000NuOON,0.5589554
001i000000NuOOQ,0.68230224
001i000000NuOOT,0.54012036
001i000000NuOOX,0.54012036
001i000000NuOOZ,0.54012036
001i000000NuOOe,0.54012036
001i000000NuOOf,0.54012036
001i000000NuOOn,0.72778666
001i000000NuOOo,0.54012036
001i000000NuOOy,0.54012036
001i000000NuOPA,0.54012036
001i000000NuOPE,0.26516345
001i000000NuOPQ,0.54012036
001i000000NuOPU,0.54012036
001i000000NuOPY,0.54012036
001i000000NuOPc,0.68529797
001i000000NuOPj,0.04837603
001i000000NuOPm,0.68529797
001i000000NuOQ0,0.676871
001i000000NuOQ9,0.54012036
001i000000NuOQD,0.54012036
001i000000NuOQP,0.2810789
001i000000NuOQU,0.6369425
001i000000NuOQW,0.54012036
001i000000NuOQc,0.041185282
001i000000NuOQm,0.54012036
001i000000NuOQn,0.33525965
001i000000NuOQr,0.68529797
001i000000NuOR1,0.54012036
001i000000NuORB,0.54012036
001i000000NuORK,0.3690346
001i000000NuORL,0.23136868
001i000000NuORV,0.54012036
001i000000NuORp,0.68529797
001i000000NuOS1,0.5833951
001i000000NuOSD,0.68529797
001i000000NuOSK,0.23284312
001i000000NuOSN,0.48766246
001i000000NuOSR,0.7480261
001i000000NuOSW,0.54012036
001i000000NuOSY,0.54012036
001i000000NuOSn,0.54012036
001i000000NuOSp,0.47251076
001i000000NuOSu,0.54012036
001i000000NuOT5,0.54012036
001i000000NuOT8,0.25390995
001i000000NuOTC,0.41060624
001i000000NuOTF,0.54012036
001i000000NuOTG,0.54012036
001i000000NuOTO,0.54012036
001i000000NuOTT,0.54012036
001i000000NuOTe,0.607372
001i000000NuOTg,0.54012036
001i000000NuOTo,0.54012036
001i000000NuOTq,0.54012036
001i000000NuOTz,0.68529797
001i000000NuOUA,0.60816836
001i000000NuOUR,0.54012036
001i000000NuOUS,0.54012036
001i000000NuOUb,0.54012036
001i000000NuOUt,0.54012036
001i000000NuOV0,0.54012036
001i000000NuOV2,0.61304116
001i000000NuOV3,0.6380955
001i000000NuOV5,0.54012036
001i000000NuOV6,0.54012036
001i000000NuOVA,0.9170657
001i000000NuOVK,0.0055236933
001i000000NuOVM,0.54012036
001i000000NuOVN,0.54012036
001i000000NuOVX,0.54012036
001i000000NuOVc,0.46326306
001i000000NuOVd,0.54012036
001i000000NuOVp,0.54012036
001i000000NuOVu,0.68529797
001i000000NuOVv,0.0010435804
001i000000NuOVy,0.7154555
001i000000NuOW7,0.71142876
001i000000NuOWE,0.4736981
001i000000NuOWH,0.54012036
001i000000NuOWM,0.73589617
001i000000NuOWO,0.54012036
001i000000NuOWQ,0.54012036
001i000000NuOWZ,0.5228824
001i000000NuOWf,0.63865393
001i000000NuOWq,0.54012036
001i000000NuOWs,0.54012036
001i000000NuOX3,0.37134698
001i000000NuOXA,0.54012036
001i000000NuOXE,0.68529797
001i000000NuOXJ,0.54012036
001i000000NuOXO,0.676871
001i000000NuOXR,0.54012036
001i000000NuOXi,0.54012036
001i000000NuOY8,0.54012036
001i000000NuOYI,0.54012036
001i000000NuOYO,0.54012036
001i000000NuOYP,0.54012036
001i000000NuOYo,0.24089186
001i000000NuOYp,0.61188686
001i000000NuOZJ,0.7359814
001i000000NuOZN,0.7482724
001i000000NuOZT,0.7326921
001i000000NuOZV,0.54012036
001i000000NuOZo,0.54012036
001i000000NuOZq,0.73589617
001i000000NuOa1,0.68529797
001i000000NuOaL,0.3021528
001i000000NuOaR,0.54012036
001i000000NuOaY,0.54012036
001i000000NuOad,0.54012036
001i000000NuOaf,0.37828022
001i000000NuOas,0.54012036
001i000000NuOau,0.54012036
001i000000NuOaz,0.54012036
001i000000NuObP,0.54012036
001i000000NuOba,0.54012036
001i000000NuObg,0.54012036
001i000000NuObp,0.68529797
001i000000NuOc1,0.45011327
001i000000NuOc4,0.4837366
001i000000NuOc9,0.59463197
001i000000NuOcA,0.6716963
001i000000NuOcG,0.54012036
001i000000NuOcU,0.54012036
001i000000NuOcW,0.32494342
001i000000NuOcc,0.34215933
001i000000NuOcd,0.54012036
001i000000NuOci,0.50129706
001i000000NuOct,0.22487627
001i000000NuOcu,0.54012036
001i000000NuOcv,0.54012036
001i000000NuOd0,0.23666196
001i000000NuOd4,0.68529797
001i000000NuOd5,0.54012036
001i000000NuOd9,0.28106055
001i000000NuOdO,0.6701789
001i000000NuOdP,0.44536763
001i000000NuOdm,0.47845507
001i000000NuOdr,0.54012036
001i000000NuOdu,0.54012036
001i000000NuOe0,0.54012036
001i000000NuOe1,0.5775942
001i000000NuOeB,0.54012036
001i000000NuOeD,0.2204504
001i000000NuOeJ,0.720022
001i000000NuOee,0.699003
001i000000NuOej,0.49437153
001i000000NuOek,0.54012036
001i000000NuOfE,0.54012036
001i000000NuOfJ,0.54012036
001i000000NuOfK,0.47207794
001i000000NuOfM,0.54012036
001i000000NuOfN,0.44536763
001i000000NuOfV,0.54012036
001i000000NuOfW,0.54012036
001i000000NuOfX,0.3021528
001i000000NuOfZ,0.2511092
001i000000NuOfu,0.54012036
001i000000NuOgA,0.54012036
001i000000NuOgC,0.54012036
001i000000NuOgG,0.32249784
001i000000NuOgH,0.54012036
001i000000NuOgM,0.54012036
001i000000NuOgR,0.6065249
001i000000NuOgW,0.16828758
001i000000NuOga,0.54012036
001i000000NuOgd,0.38048762
001i000000NuOgq,0.820076
001i000000NuOgr,0.54012036
001i000000NuOh5,0.47028452
001i000000NuOh7,0.39438462
001i000000NuOhC,0.5983388
001i000000NuOhG,0.59565
001i000000NuOhK,0.54012036
001i000000NuOhT,0.40365398
001i000000NuOhW,0.20192032
001i000000NuOhp,0.50741804
001i000000NuOi3,0.49460882
001i000000NuOiL,0.578948
001i000000NuOiP,0.54012036
001i000000NuOiR,0.54012036
001i000000NuOiS,0.54012036
001i000000NuOig,0.5824622
001i000000NuOiv,0.54828244
001i000000NuOj0,0.51758206
001i000000NuOj6,0.54012036
001i000000NuOj7,0.027124079
001i000000NuOjD,0.54012036
001i000000NuOjI,0.68529797
001i000000NuOjK,0.53290594
001i000000NuOjM,0.90902007
001i000000NuOjW,0.28070977
001i000000NuOjY,0.6663937
001i000000NuOjh,0.41718772
001i000000NuOjm,0.28070977
001i000000NuOjt,0.54012036
001i000000NuOjw,0.2204504
001i000000NuOk3,0.7433575
001i000000NuOk6,0.54012036
001i000000NuOkJ,0.54012036
001i000000NuOkS,0.54012036
001i000000NuOkV,0.38679904
001i000000NuOka,0.3021528
001i000000NuOkb,0.54012036
001i000000NuOkc,0.54012036
001i000000NuOke,0.74148077
001i000000NuOkh,0.33521783
001i000000NuOky,0.54012036
001i000000NuOlD,0.3021528
001i000000NuOlG,0.5900442
001i000000NuOlO,0.38360706
001i000000NuOlc,0.54012036
001i000000NuOlq,0.54012036
001i000000NuOm7,0.54012036
001i000000NuOm9,0.54012036
001i000000NuOmI,0.54012036
001i000000NuOmQ,0.54012036
001i000000NuOmT,0.54012036
001i000000NuOmX,0.63696796
001i000000NuOmi,0.17080733
001i000000NuOml,0.6826664
001i000000NuOmq,0.54012036
001i000000NuOmz,0.54012036
001i000000NuOn6,0.4281692
001i000000NuOnC,0.48023096
001i000000NuOnD,0.54012036
001i000000NuOnQ,0.54012036
001i000000NuOnp,0.54012036
001i000000NuOoI,0.54012036
001i000000NuOoM,0.54012036
001i000000NuOof,0.54012036
001i000000NuOos,0.54012036
001i000000NuOot,0.54012036
001i000000NuOp9,0.54012036
001i000000NuOpD,0.24297626
001i000000NuOpM,0.2831841
001i000000NuOpS,0.68529797
001i000000NuOpZ,0.5088308
001i000000NuOpe,0.8789943
001i000000NuOpj,0.20413844
001i000000NuOqA,0.54012036
001i000000NuOqB,0.54012036
001i000000NuOqH,0.9605288
001i000000NuOqJ,0.54012036
001i000000NuOqL,0.68529797
001i000000NuOqM,0.68529797
001i000000NuOqV,0.68529797
001i000000NuOqW,0.8204735
001i000000NuOqX,0.68529797
001i000000NuOqc,0.23431285
001i000000NuOql,0.68529797
001i000000NuOqo,0.54012036
001i000000NuOqr,0.68529797
001i000000NuOqt,0.7201142
001i000000NuOqu,0.72741544
001i000000NuOr0,0.54012036
001i000000NuOr3,0.54012036
001i000000NuOr6,0.75855863
001i000000NuOrH,0.54012036
001i000000NuOrM,0.29950535
001i000000NuOrN,0.108839944
001i000000NuOrX,0.71306473
001i000000NuOrZ,0.54012036
001i000000NuOrd,0.54012036
001i000000NuOrg,0.9110133
001i000000NuOrr,0.54012036
001i000000NuOrt,0.47207794
001i000000NuOrw,0.48766246
001i000000NuOrx,0.54012036
001i000000NuOsC,0.5027804
001i000000NuOsD,0.60364085
001i000000NuOsL,0.61259085
001i000000NuOsQ,0.60885656
001i000000NuOsV,0.631413
001i000000NuOsk,0.75144964
001i000000NuOsp,0.81942075
001i000000NuOsq,0.52273613
001i000000NuOt3,0.54012036
001i000000NuOtH,0.607372
001i000000NuOtK,0.6094207
001i000000NuOtQ,0.42884493
001i000000NuOtU,0.75918776
001i000000NuOtV,0.31447032
001i000000NuOtW,0.4035829
001i000000NuOtc,0.4035829
001i000000NuOtf,0.45594636
001i000000NuOtu,0.3383665
001i000000NuOtw,0.31447032
001i000000NuOuB,0.60364085
001i000000NuOuD,0.4032293
001i000000NuOuF,0.44795913
001i000000NuOuX,0.23563452
001i000000NuOue,0.22074893
001i000000NuOug,0.54012036
001i000000NuOuk,0.5446914
001i000000NuOup,0.8119361
001i000000NuOut,0.34988543
001i000000NuOuv,0.57665443
001i000000NuOv4,0.68529797
001i000000NuOv5,0.68529797
001i000000NuOv8,0.54012036
001i000000NuOv9,0.68529797
001i000000NuOvC,0.54012036
001i000000NuOvH,0.54012036
001i000000NuOvN,0.68529797
001i000000NuOvT,0.7195007
001i000000NuOvX,0.3264714
001i000000NuOvY,0.5446914
001i000000NuOvp,0.54012036
001i000000NuOvs,0.010227294
001i000000NuOvu,0.54012036
001i000000NuOvv,0.29691225
001i000000NuOw5,0.54012036
001i000000NuOw7,0.54012036
001i000000NuOwK,0.54012036
001i000000NuOwT,0.76388586
001i000000NuOwW,0.54012036
001i000000NuOwX,0.54012036
001i000000NuOwa,0.54012036
001i000000NuOwc,0.68529797
001i000000NuOwl,0.54012036
001i000000NuOwn,0.23666196
001i000000NuOx6,0.54012036
001i000000NuOxA,0.54012036
001i000000NuOxM,0.4604332
001i000000NuOxS,0.54012036
001i000000NuOxT,0.57665443
001i000000NuOxd,0.54012036
001i000000NuOxg,0.54012036
001i000000NuOy4,0.54012036
001i000000NuOyA,0.54012036
001i000000NuOyG,0.68529797
001i000000NuOyH,0.46709347
001i000000NuOyJ,0.6313462
001i000000NuOyT,0.74025446
001i000000NuOya,0.5215781
001i000000NuOyh,0.54012036
001i000000NuOym,0.68529797
001i000000NuOyr,0.36783752
001i000000NuOyz,0.68529797
001i000000NuOz8,0.54012036
001i000000NuOzR,0.547868
001i000000NuP0h,0.54012036
001i000000NuP11,0.54012036
001i000000NuP13,0.58672124
001i000000NuP1B,0.75592285
001i000000NuP1E,0.68529797
001i000000NuP1J,0.8027109
001i000000NuP1N,0.54012036
001i000000NuP1U,0.5784421
001i000000NuP1V,0.54012036
001i000000NuP1e,0.53603584
001i000000NuP1g,0.68529797
001i000000NuP1h,0.23136868
001i000000NuP1k,0.5314566
001i000000NuP1n,0.54012036
001i000000NuP1t,0.54012036
001i000000NuP1u,0.7163555
001i000000NuP23,0.68529797
001i000000NuP2D,0.54012036
001i000000NuP2G,0.68529797
001i000000NuP2M,0.5824622
001i000000NuP2v,0.6184804
001i000000NuP32,0.50455695
001i000000NuP34,0.22487627
001i000000NuP35,0.54012036
001i000000NuP37,0.54012036
001i000000NuP39,0.54012036
001i000000NuP3G,0.68529797
001i000000NuP3L,0.54012036
001i000000NuP3b,0.48023096
001i000000NuP3e,0.48023096
001i000000NuP3f,0.54012036
001i000000NuP3k,0.54012036
001i000000NuP3n,0.54012036
001i000000NuP3y,0.5824622
001i000000NuP40,0.54012036
001i000000NuP4L,0.1712267
001i000000NuP4U,0.22074893
001i000000NuP4g,0.54012036
001i000000NuP4k,0.54012036
001i000000NuP4n,0.54012036
001i000000NuP4p,0.6740731
001i000000NuP4r,0.2549091
001i000000NuP4s,0.22074893
001i000000NuP4v,0.68229014
001i000000NuP53,0.48023096
001i000000NuP57,0.54012036
001i000000NuP5C,0.48023096
001i000000NuP5S,0.21406373
001i000000NuP5U,0.36235633
001i000000NuP5V,0.68529797
001i000000NuP5X,0.54012036
001i000000NuP5a,0.68529797
001i000000NuP5l,0.68529797
001i000000NuP5t,0.36743385
001i000000NuP5y,0.68529797
001i000000NuP5z,0.68529797
001i000000NuP63,0.75918776
001i000000NuP67,0.36783752
001i000000NuP68,0.68529797
001i000000NuP6C,0.68529797
001i000000NuP6D,0.36743385
001i000000NuP6F,0.6184804
001i000000NuP6M,0.68529797
001i000000NuP6N,0.68529797
001i000000NuP6Q,0.7211735
001i000000NuP6S,0.68529797
001i000000NuP6V,0.68529797
001i000000NuP6W,0.68529797
001i000000NuP6X,0.68529797
001i000000NuP6i,0.6240884
001i000000NuP6j,0.68529797
001i000000NuP6l,0.3004717
001i000000NuP6v,0.68529797
001i000000NuP76,0.6184804
001i000000NuP79,0.54012036
001i000000NuP7J,0.22074893
001i000000NuP7Q,0.54012036
001i000000NuP7h,0.54012036
001i000000NuP7m,0.48023096
001i000000NuP7n,0.14903003
001i000000NuP7s,0.47802183
001i000000NuP7v,0.57665443
001i000000NuP8I,0.8768056
001i000000NuP8c,0.54012036
001i000000NuP8d,0.68529797
001i000000NuP8u,0.54012036
001i000000NuP8v,0.39070192
001i000000NuP93,0.68529797
001i000000NuP96,0.54012036
001i000000NuP97,0.8027109
001i000000NuP9D,0.70978695
001i000000NuP9N,0.79635924
001i000000NuP9O,0.54012036
001i000000NuP9T,0.77500534
001i000000NuP9U,0.23464882
001i000000NuP9W,0.54012036
001i000000NuP9X,0.45450166
001i000000NuP9a,0.27204627
001i000000NuP9r,0.33173394
001i000000NuPA4,0.23136868
001i000000NuPA5,0.10562955
001i000000NuPAA,0.6099693
001i000000NuPAE,0.54012036
001i000000NuPAI,0.54012036
001i000000NuPAL,0.54012036
001i000000NuPAO,0.66638154
001i000000NuPAQ,0.48618293
001i000000NuPAT,0.22457376
001i000000NuPAZ,0.54012036
001i000000NuPAg,0.3840575
001i000000NuPAs,0.68529797
001i000000NuPAx,0.6369425
001i000000NuPB3,0.36783752
001i000000NuPBD,0.36195523
001i000000NuPBG,0.68529797
001i000000NuPBO,0.44443294
001i000000NuPBd,0.37339717
001i000000NuPBg,0.046508975
001i000000NuPBi,0.54012036
001i000000NuPBo,0.22074893
001i000000NuPBs,0.54012036
001i000000NuPC1,0.54012036
001i000000NuPC3,0.68529797
001i000000NuPCD,0.54012036
001i000000NuPCP,0.012284484
001i000000NuPCY,0.5603428
001i000000NuPCi,0.54012036
001i000000NuPCj,0.6097425
001i000000NuPCq,0.5826505
001i000000NuPCt,0.57665443
001i000000NuPD2,0.6985353
001i000000NuPDK,0.54012036
001i000000NuPDO,0.54012036
001i000000NuPDU,0.23136868
001i000000NuPDV,0.22074893
001i000000NuPDX,0.54012036
001i000000NuPDe,0.714672
001i000000NuPDg,0.607372
001i000000NuPDm,0.21281126
001i000000NuPDs,0.31042236
001i000000NuPDw,0.376497
001i000000NuPE7,0.68529797
001i000000NuPE8,0.37339717
001i000000NuPEA,0.322002
001i000000NuPED,0.7000163
001i000000NuPEI,0.6369425
001i000000NuPEO,0.54012036
001i000000NuPER,0.6372228
001i000000NuPES,0.6954467
001i000000NuPEV,0.8865323
001i000000NuPEf,0.68529797
001i000000NuPFa,0.54012036
001i000000NuPFy,0.54012036
001i000000NuPG0,0.36235633
001i000000NuPGR,0.54012036
001i000000NuPGT,0.68529797
001i000000NuPGV,0.54012036
001i000000NuPGb,0.6380955
001i000000NuPGi,0.68529797
001i000000NuPGl,0.54012036
001i000000NuPGr,0.44090346
001i000000NuPGw,0.54012036
001i000000NuPGx,0.48618293
001i000000NuPH3,0.68529797
001i000000NuPH5,0.54012036
001i000000NuPHD,0.54012036
001i000000NuPHG,0.54012036
001i000000NuPHN,0.54012036
001i000000NuPHQ,0.676871
001i000000NuPHU,0.13028263
001i000000NuPHX,0.68529797
001i000000NuPHd,0.68529797
001i000000NuPHf,0.54012036
001i000000NuPHm,0.68529797
001i000000NuPHz,0.54012036
001i000000NuPI3,0.0036748163
001i000000NuPIC,0.5824622
001i000000NuPIO,0.54012036
001i000000NuPIZ,0.68529797
001i000000NuPIj,0.4727079
001i000000NuPIr,0.48618293
001i000000NuPIz,0.2249842
001i000000NuPJ4,0.68529797
001i000000NuPJN,0.70864075
001i000000NuPJV,0.54012036
001i000000NuPJh,0.54012036
001i000000NuPJr,0.54012036
001i000000NuPK2,0.68529797
001i000000NuPK9,0.54012036
001i000000NuPKA,0.54012036
001i000000NuPKF,0.54012036
001i000000NuPKK,0.7000163
001i000000NuPKT,0.5406824
001i000000NuPKV,0.15497
001i000000NuPKX,0.54012036
001i000000NuPKi,0.54012036
001i000000NuPKw,0.54012036
001i000000NuPKy,0.54012036
001i000000NuPL1,0.676871
001i000000NuPL5,0.54012036
001i000000NuPL8,0.54012036
001i000000NuPLC,0.049937923
001i000000NuPLM,0.3877067
001i000000NuPLS,0.68529797
001i000000NuPLU,0.68529797
001i000000NuPLh,0.68529797
001i000000NuPLl,0.54012036
001i000000NuPLr,0.676871
001i000000NuPLv,0.54012036
001i000000NuPLy,0.14053003
001i000000NuPM7,0.68529797
001i000000NuPMD,0.54012036
001i000000NuPMM,0.5136393
001i000000NuPMN,0.36195523
001i000000NuPMS,0.0005470145
001i000000NuPMa,0.68529797
001i000000NuPMc,0.68529797
001i000000NuPMh,0.54012036
001i000000NuPMn,0.54012036
001i000000NuPMq,0.54012036
001i000000NuPN6,0.33130893
001i000000NuPNC,0.68529797
001i000000NuPNH,0.77846617
001i000000NuPNU,0.54012036
001i000000NuPNc,0.54012036
001i000000NuPNe,0.72450656
001i000000NuPNr,0.19822393
001i000000NuPNs,0.54012036
001i000000NuPNx,0.54012036
001i000000NuPO0,0.54012036
001i000000NuPO9,0.54012036
001i000000NuPOA,0.54012036
001i000000NuPOE,0.54012036
001i000000NuPOF,0.54012036
001i000000NuPOH,0.68529797
001i000000NuPOS,0.54012036
001i000000NuPOT,0.54012036
001i000000NuPOX,0.2759296
001i000000NuPOZ,0.54012036
001i000000NuPOs,0.54012036
001i000000NuPP8,0.54012036
001i000000NuPPA,0.68529797
001i000000NuPPC,0.54012036
001i000000NuPPE,0.54012036
001i000000NuPPQ,0.54012036
001i000000NuPPR,0.54012036
001i000000NuPPU,0.54012036
001i000000NuPPZ,0.68529797
001i000000NuPPi,0.115260504
001i000000NuPPj,0.54012036
001i000000NuPPl,0.54012036
001i000000NuPPs,0.54012036
001i000000NuPPv,0.68529797
001i000000NuPPz,0.54012036
001i000000NuPQ0,0.68529797
001i000000NuPQ1,0.54012036
001i000000NuPQ3,0.68529797
001i000000NuPQH,0.54012036
001i000000NuPQM,0.68529797
001i000000NuPQN,0.68529797
001i000000NuPQU,0.12644352
001i000000NuPQV,0.54012036
001i000000NuPQW,0.68529797
001i000000NuPQg,0.3222666
001i000000NuPQk,0.54012036
001i000000NuPQn,0.54012036
001i000000NuPQp,0.54012036
001i000000NuPQu,0.54012036
001i000000NuPQx,0.54012036
001i000000NuPR5,0.54012036
001i000000NuPR6,0.54012036
001i000000NuPRO,0.54012036
001i000000NuPRT,0.54012036
001i000000NuPRp,0.68529797
001i000000NuPRu,0.68529797
001i000000NuPRy,0.54012036
001i000000NuPSL,0.54012036
001i000000NuPSw,0.54012036
001i000000NuPT3,0.676871
001i000000NuPT5,0.011998156
001i000000NuPT6,0.54012036
001i000000NuPTD,0.36743543
001i000000NuPTH,0.05705398
001i000000NuPTY,0.68529797
001i000000NuPTZ,0.68529797
001i000000NuPTd,0.54012036
001i000000NuPTh,0.5793368
001i000000NuPTi,0.68529797
001i000000NuPU3,0.54012036
001i000000NuPUC,0.68529797
001i000000NuPUD,0.54012036
001i000000NuPUI,0.54012036
001i000000NuPUK,0.54012036
001i000000NuPUj,0.54012036
001i000000NuPUo,0.43342122
001i000000NuPVA,0.73659027
001i000000NuPVD,0.54012036
001i000000NuPVL,0.376497
001i000000NuPVS,0.6075619
001i000000NuPVm,0.26419508
001i000000NuPVp,0.77846617
001i000000NuPVu,0.5136393
001i000000NuPVx,0.77846617
001i000000NuPVz,0.5136393
001i000000NuPW7,0.54012036
001i000000NuPWE,0.54012036
001i000000NuPWV,0.54012036
001i000000NuPWh,0.29228973
001i000000NuPWn,0.68529797
001i000000NuPWs,0.68529797
001i000000NuPWx,0.54012036
001i000000NuPX1,0.54012036
001i000000NuPX2,0.42781392
001i000000NuPX5,0.77846617
001i000000NuPXJ,0.54012036
001i000000NuPXY,0.8547243
001i000000NuPXh,0.8547243
001i000000NuPXq,0.54012036
001i000000NuPXs,0.54012036
001i000000NuPXy,0.77846617
001i000000NuPYN,0.54012036
001i000000NuPYU,0.54012036
001i000000NuPYe,0.36235633
001i000000NuPYg,0.54012036
001i000000NuPYw,0.54012036
001i000000NuPYz,0.54012036
001i000000NuPZ6,0.54012036
001i000000NuPZ9,0.54012036
001i000000NuPZA,0.32490394
001i000000NuPZC,0.54012036
001i000000NuPZD,0.8089542
001i000000NuPZE,0.39249063
001i000000NuPZF,0.54012036
001i000000NuPZT,0.54012036
001i000000NuPZc,0.54012036
001i000000NuPZn,0.54012036
001i000000NuPZr,0.54012036
001i000000NuPZu,0.68529797
001i000000NuPaR,0.54012036
001i000000NuPac,0.54012036
001i000000NuPah,0.54012036
001i000000NuPai,0.54012036
001i000000NuPak,0.54012036
001i000000NuPam,0.54012036
001i000000NuPb9,0.54012036
001i000000NuPbA,0.8089542
001i000000NuPbC,0.54012036
001i000000NuPbF,0.54012036
001i000000NuPbM,0.5793368
001i000000NuPbO,0.68529797
001i000000NuPbR,0.68529797
001i000000NuPba,0.52878773
001i000000NuPbc,0.73095864
001i000000NuPbd,0.778134
001i000000NuPbh,0.54012036
001i000000NuPbk,0.54012036
001i000000NuPbl,0.54012036
001i000000NuPbm,0.54012036
001i000000NuPbn,0.7670178
001i000000NuPbw,0.54012036
001i000000NuPc4,0.54012036
001i000000NuPc6,0.54012036
001i000000NuPcJ,0.54012036
001i000000NuPcM,0.54012036
001i000000NuPcP,0.54012036
001i000000NuPcQ,0.17236798
001i000000NuPci,0.68529797
001i000000NuPd7,0.54012036
001i000000NuPdQ,0.54012036
001i000000NuPdR,0.68529797
001i000000NuPdT,0.68529797
001i000000NuPdU,0.54012036
001i000000NuPdV,0.5565514
001i000000NuPdY,0.54012036
001i000000NuPdi,0.54012036
001i000000NuPdn,0.68529797
001i000000NuPdu,0.54012036
001i000000NuPdv,0.54012036
001i000000NuPdy,0.54012036
001i000000NuPe3,0.54012036
001i000000NuPe6,0.54012036
001i000000NuPeS,0.54012036
001i000000NuPed,0.68529797
001i000000NuPeg,0.54012036
001i000000NuPeh,0.54012036
001i000000NuPf7,0.54012036
001i000000NuPfA,0.54012036
001i000000NuPfB,0.68529797
001i000000NuPfK,0.54012036
001i000000NuPfO,0.68529797
001i000000NuPfR,0.54012036
001i000000NuPfw,0.68529797
001i000000NuPg0,0.68529797
001i000000NuPg6,0.54012036
001i000000NuPgF,0.6826538
001i000000NuPgI,0.68529797
001i000000NuPgO,0.68529797
001i000000NuPgR,0.68291646
001i000000NuPga,0.68529797
001i000000NuPge,0.54012036
001i000000NuPgf,0.54012036
001i000000NuPgl,0.54012036
001i000000NuPgs,0.68529797
001i000000NuPh7,0.54012036
001i000000NuPhQ,0.67314667
001i000000NuPhW,0.22217387
001i000000NuPhj,0.54012036
001i000000NuPhl,0.376497
001i000000NuPhm,0.23985071
001i000000NuPhs,0.39249063
001i000000NuPiB,0.12181313
001i000000NuPiH,0.47785604
001i000000NuPiT,0.15497
001i000000NuPiZ,0.54012036
001i000000NuPia,0.54012036
001i000000NuPio,0.22217387
001i000000NuPiv,0.54012036
001i000000NuPjN,0.54012036
001i000000NuPjO,0.54012036
001i000000NuPjW,0.54012036
001i000000NuPjb,0.54012036
001i000000NuPjf,0.54012036
001i000000NuPjn,0.54012036
001i000000NuPjt,0.8051077
001i000000NuPjy,0.54012036
001i000000NuPkD,0.54012036
001i000000NuPkN,0.68529797
001i000000NuPkU,0.54012036
001i000000NuPkX,0.54012036
001i000000NuPkY,0.54012036
001i000000NuPkg,0.54012036
001i000000NuPkl,0.68529797
001i000000NuPkt,0.54012036
001i000000NuPku,0.68529797
001i000000NuPl6,0.68529797
001i000000NuPlH,0.54012036
001i000000NuPlU,0.68529797
001i000000NuPlm,0.54012036
001i000000NuPm3,0.54012036
001i000000NuPm4,0.54012036
001i000000NuPm7,0.54012036
001i000000NuPmF,0.54012036
001i000000NuPmG,0.54012036
001i000000NuPmM,0.54012036
001i000000NuPmN,0.54012036
001i000000NuPml,0.54012036
001i000000NuPn6,0.54012036
001i000000NuPnA,0.07653745
001i000000NuPnB,0.54012036
001i000000NuPnF,0.0025670927
001i000000NuPnP,0.54012036
001i000000NuPnV,0.54012036
001i000000NuPni,0.54012036
001i000000NuPny,0.54012036
001i000000NuPo1,0.54012036
001i000000NuPo7,0.54012036
001i000000NuPoB,0.54012036
001i000000NuPoI,0.68529797
001i000000NuPoa,0.54012036
001i000000NuPob,0.54012036
001i000000NuPoc,0.376497
001i000000NuPok,0.54012036
001i000000NuPoq,0.35354722
001i000000NuPot,0.39249063
001i000000NuPp3,0.54012036
001i000000NuPp5,0.54012036
001i000000NuPp8,0.76684415
001i000000NuPpG,0.0020426763
001i000000NuPpK,0.53441656
001i000000NuPpP,0.41999218
001i000000NuPpU,0.54012036
001i000000NuPpY,0.54012036
001i000000NuPpk,0.54012036
001i000000NuPq3,0.54012036
001i000000NuPq4,0.54012036
001i000000NuPqE,0.68529797
001i000000NuPqF,0.68529797
001i000000NuPqJ,0.54012036
001i000000NuPqR,0.54012036
001i000000NuPqa,0.54012036
001i000000NuPqc,0.54012036
001i000000NuPqh,0.54012036
001i000000NuPqi,0.54012036
001i000000NuPqt,0.54012036
001i000000NuPr0,0.54012036
001i000000NuPr3,0.54012036
001i000000NuPr9,0.54012036
001i000000NuPrN,0.20018125
001i000000NuPrO,0.1709268
001i000000NuPrW,0.68529797
001i000000NuPrX,0.54012036
001i000000NuPrY,0.6679881
001i000000NuPrl,0.54012036
001i000000NuPrn,0.68529797
001i000000NuPs0,0.54012036
001i000000NuPs1,0.54012036
001i000000NuPs3,0.54012036
001i000000NuPs5,0.54012036
001i000000NuPsK,0.54012036
001i000000NuPsL,0.54012036
001i000000NuPsM,0.68529797
001i000000NuPsT,0.54012036
001i000000NuPse,0.54012036
001i000000NuPsi,0.54012036
001i000000NuPsk,0.54012036
001i000000NuPsn,0.54012036
001i000000NuPsp,0.54012036
001i000000NuPst,0.54012036
001i000000NuPsu,0.54012036
001i000000NuPt0,0.54012036
001i000000NuPt8,0.54012036
001i000000NuPtB,0.54012036
001i000000NuPtD,0.54012036
001i000000NuPtL,0.54012036
001i000000NuPtO,0.54012036
001i000000NuPtU,0.54012036
001i000000NuPtW,0.54012036
001i000000NuPta,0.54012036
001i000000NuPtl,0.8299471
001i000000NuPtn,0.68529797
001i000000NuPu1,0.68529797
001i000000NuPu2,0.54012036
001i000000NuPu3,0.54012036
001i000000NuPuD,0.027884575
001i000000NuPuL,0.54012036
001i000000NuPuN,0.68529797
001i000000NuPuO,0.54012036
001i000000NuPuU,0.54012036
001i000000NuPuk,0.54012036
001i000000NuPuo,0.54012036
001i000000NuPus,0.54012036
001i000000NuPuw,0.54012036
001i000000NuPv5,0.54012036
001i000000NuPv7,0.54012036
001i000000NuPvF,0.54012036
001i000000NuPvW,0.54012036
001i000000NuPvb,0.54012036
001i000000NuPvd,0.54012036
001i000000NuPvg,0.54012036
001i000000NuPvi,0.54012036
001i000000NuPvs,0.54012036
001i000000NuPw3,0.54012036
001i000000NuPw5,0.54012036
001i000000NuPwQ,0.26849523
001i000000NuPwY,0.54012036
001i000000NuPwb,0.54012036
001i000000NuPwc,0.68529797
001i000000NuPwh,0.68529797
001i000000NuPwt,0.024507174
001i000000NuPwu,0.68529797
001i000000NuPx2,0.68529797
001i000000NuPx5,0.54012036
001i000000NuPx7,0.54012036
001i000000NuPx9,0.89709884
001i000000NuPxF,0.376497
001i000000NuPxY,0.54012036
001i000000NuPxc,0.54012036
001i000000NuPxd,0.54012036
001i000000NuPxh,0.54012036
001i000000NuPxt,0.7222985
001i000000NuPy6,0.54012036
001i000000NuPy7,0.1884323
001i000000NuPyA,0.19181883
001i000000NuPyB,0.54012036
001i000000NuPyC,0.16571116
001i000000NuPyD,0.48380065
001i000000NuPyE,0.54012036
001i000000NuPyO,0.7433575
001i000000NuPyR,0.54012036
001i000000NuPyT,0.54012036
001i000000NuPyY,0.61782867
001i000000NuPyh,0.54012036
001i000000NuPyk,0.54012036
001i000000NuPyn,0.54012036
001i000000NuPyu,0.68529797
001i000000NuPyw,0.54012036
001i000000NuPz4,0.68529797
001i000000NuPz7,0.54012036
001i000000NuPz9,0.54012036
001i000000NuPzC,0.54012036
001i000000NuPzJ,0.54012036
001i000000NuPzN,0.54012036
001i000000NuPzb,0.54012036
001i000000NuPzg,0.68529797
001i000000NuPzi,0.54012036
001i000000NuPzy,0.30590874
001i000000NuQ02,0.376497
001i000000NuQ0W,0.54012036
001i000000NuQ0d,0.54012036
001i000000NuQ0t,0.54012036
001i000000NuQ10,0.54012036
001i000000NuQ1B,0.68529797
001i000000NuQ1D,0.68529797
001i000000NuQ1N,0.54012036
001i000000NuQ1V,0.54012036
001i000000NuQ1Z,0.54012036
001i000000NuQ1e,0.53441656
001i000000NuQ1j,0.68529797
001i000000NuQ1u,0.4710457
001i000000NuQ21,0.68529797
001i000000NuQ23,0.68529797
001i000000NuQ24,0.54012036
001i000000NuQ25,0.54012036
001i000000NuQ27,0.54012036
001i000000NuQ2H,0.54012036
001i000000NuQ2k,0.54012036
001i000000NuQ2v,0.54012036
001i000000NuQ2w,0.23654366
001i000000NuQ33,0.54012036
001i000000NuQ37,0.54012036
001i000000NuQ38,0.54012036
001i000000NuQ3F,0.54012036
001i000000NuQ3G,0.54012036
001i000000NuQ3P,0.54012036
001i000000NuQ3R,0.54012036
001i000000NuQ3S,0.54012036
001i000000NuQ3a,0.54012036
001i000000NuQ3g,0.54012036
001i000000NuQ3h,0.54012036
001i000000NuQ3t,0.54012036
001i000000NuQ4A,0.54012036
001i000000NuQ4E,0.54012036
001i000000NuQ4U,0.54012036
001i000000NuQ4Y,0.54012036
001i000000NuQ4b,0.54012036
001i000000NuQ4c,0.54012036
001i000000NuQ4d,0.54012036
001i000000NuQ4s,0.54012036
001i000000NuQ4w,0.54012036
001i000000NuQ4y,0.54012036
001i000000NuQ5A,0.54012036
001i000000NuQ5D,0.54012036
001i000000NuQ5I,0.54012036
001i000000NuQ5T,0.58794105
001i000000NuQ5d,0.68529797
001i000000NuQ5r,0.54012036
001i000000NuQ5w,0.54012036
001i000000NuQ5z,0.54012036
001i000000NuQ67,0.68529797
001i000000NuQ6D,0.68529797
001i000000NuQ6M,0.54012036
001i000000NuQ6R,0.68529797
001i000000NuQ6Y,0.015819935
001i000000NuQ6b,0.54012036
001i000000NuQ6c,0.68529797
001i000000NuQ6d,0.54012036
001i000000NuQ6k,0.54012036
001i000000NuQ6u,0.3670319
001i000000NuQ6v,0.54012036
001i000000NuQ6y,0.81816006
001i000000NuQ7G,0.22138643
001i000000NuQ7S,0.54012036
001i000000NuQ7Z,0.68529797
001i000000NuQ7f,0.68529797
001i000000NuQ7h,0.54012036
001i000000NuQ7p,0.36283845
001i000000NuQ7r,0.54012036
001i000000NuQ7v,0.54012036
001i000000NuQ7w,0.54012036
001i000000NuQ84,0.54012036
001i000000NuQ8D,0.54012036
001i000000NuQ8J,0.68529797
001i000000NuQ8R,0.54012036
001i000000NuQ8Y,0.54012036
001i000000NuQ8i,0.5126594
001i000000NuQ8m,0.54012036
001i000000NuQ8n,0.54012036
001i000000NuQ8r,0.54012036
001i000000NuQ94,0.68529797
001i000000NuQ97,0.68529797
001i000000NuQ9L,0.54012036
001i000000NuQ9T,0.39070192
001i000000NuQ9Y,0.68529797
001i000000NuQA8,0.21839964
001i000000NuQAA,0.3592714
001i000000NuQAF,0.54012036
001i000000NuQAb,0.54012036
001i000000NuQAn,0.68529797
001i000000NuQAx,0.54012036
001i000000NuQB2,0.54012036
001i000000NuQBC,0.54012036
001i000000NuQBK,0.54012036
001i000000NuQBM,0.36743543
001i000000NuQBa,0.3891244
001i000000NuQBd,0.54012036
001i000000NuQBk,0.044338085
001i000000NuQBl,0.54012036
001i000000NuQBm,0.012142673
001i000000NuQBo,0.54012036
001i000000NuQBt,0.45450202
001i000000NuQBy,0.68529797
001i000000NuQCK,0.54012036
001i000000NuQCM,0.68529797
001i000000NuQCQ,0.54012036
001i000000NuQCX,0.68529797
001i000000NuQCb,0.0045296466
001i000000NuQCl,0.54012036
001i000000NuQCq,0.54012036
001i000000NuQD0,0.54012036
001i000000NuQD2,0.37828022
001i000000NuQD3,0.54012036
001i000000NuQD6,0.54012036
001i000000NuQDB,0.54012036
001i000000NuQDC,0.54012036
001i000000NuQDK,0.54012036
001i000000NuQDU,0.54012036
001i000000NuQDX,0.68529797
001i000000NuQDo,0.54012036
001i000000NuQDp,0.54012036
001i000000NuQDr,0.68529797
001i000000NuQDz,0.54012036
001i000000NuQE0,0.54012036
001i000000NuQE4,0.68529797
001i000000NuQED,0.54012036
001i000000NuQEE,0.68529797
001i000000NuQEO,0.54012036
001i000000NuQEa,0.04490561
001i000000NuQF1,0.54012036
001i000000NuQF3,0.54012036
001i000000NuQFA,0.54012036
001i000000NuQFG,0.54012036
001i000000NuQFR,0.68529797
001i000000NuQFV,0.54012036
001i000000NuQFd,0.54012036
001i000000NuQFs,0.68529797
001i000000NuQFw,0.54012036
001i000000NuQG0,0.54012036
001i000000NuQG3,0.54012036
001i000000NuQG8,0.54012036
001i000000NuQGE,0.36743543
001i000000NuQGI,0.68529797
001i000000NuQGR,0.54012036
001i000000NuQGS,0.54012036
001i000000NuQGW,0.54012036
001i000000NuQGh,0.54012036
001i000000NuQGn,0.54012036
001i000000NuQGr,0.54012036
001i000000NuQGv,0.68529797
001i000000NuQHA,0.54012036
001i000000NuQHC,0.54012036
001i000000NuQHN,0.68529797
001i000000NuQHO,0.54012036
001i000000NuQHQ,0.68529797
001i000000NuQHT,0.68529797
001i000000NuQHV,0.54012036
001i000000NuQHf,0.54012036
001i000000NuQHh,0.0038568145
001i000000NuQIN,0.05555629
001i000000NuQIS,0.54012036
001i000000NuQIY,0.68529797
001i000000NuQIZ,0.68529797
001i000000NuQIe,0.54012036
001i000000NuQIn,0.54012036
001i000000NuQIv,0.54012036
001i000000NuQJ4,0.54012036
001i000000NuQJ7,0.54012036
001i000000NuQJO,0.54012036
001i000000NuQJS,0.68529797
001i000000NuQJX,0.68529797
001i000000NuQJj,0.54012036
001i000000NuQJy,0.54012036
001i000000NuQKA,0.54012036
001i000000NuQKJ,0.54012036
001i000000NuQKU,0.056284145
001i000000NuQKd,0.54012036
001i000000NuQKu,0.54012036
001i000000NuQL1,0.54012036
001i000000NuQL6,0.68529797
001i000000NuQL9,0.6633407
001i000000NuQLF,0.54012036
001i000000NuQLS,0.54012036
001i000000NuQLU,0.54012036
001i000000NuQLb,0.54012036
001i000000NuQLh,0.54012036
001i000000NuQLk,0.54012036
001i000000NuQLm,0.54012036
001i000000NuQLp,0.54012036
001i000000NuQLr,0.54012036
001i000000NuQLu,0.54012036
001i000000NuQM8,0.54012036
001i000000NuQMA,0.36283845
001i000000NuQMC,0.54012036
001i000000NuQMI,0.54012036
001i000000NuQMN,0.68529797
001i000000NuQMX,0.68529797
001i000000NuQMY,0.54012036
001i000000NuQMZ,0.54012036
001i000000NuQMa,0.83787227
001i000000NuQMb,0.024158278
001i000000NuQMc,0.54012036
001i000000NuQMf,0.54012036
001i000000NuQMi,0.54012036
001i000000NuQNC,0.68529797
001i000000NuQNF,0.54012036
001i000000NuQNG,0.54012036
001i000000NuQNH,0.54012036
001i000000NuQNM,0.68529797
001i000000NuQNN,0.54012036
001i000000NuQNS,0.68529797
001i000000NuQNX,0.54012036
001i000000NuQNg,0.54012036
001i000000NuQO1,0.54012036
001i000000NuQO2,0.54012036
001i000000NuQO3,0.54012036
001i000000NuQOA,0.54012036
001i000000NuQOK,0.68529797
001i000000NuQOM,0.54012036
001i000000NuQOV,0.54012036
001i000000NuQOX,0.7882894
001i000000NuQOd,0.54012036
001i000000NuQOp,0.54012036
001i000000NuQP7,0.54012036
001i000000NuQPC,0.68529797
001i000000NuQPM,0.39070192
001i000000NuQPP,0.18837853
001i000000NuQPV,0.39070192
001i000000NuQPZ,0.37828022
001i000000NuQPc,0.54012036
001i000000NuQPg,0.54012036
001i000000NuQPh,0.68529797
001i000000NuQPp,0.54012036
001i000000NuQQI,0.68529797
001i000000NuQQP,0.54012036
001i000000NuQQT,0.54012036
001i000000NuQQW,0.54012036
001i000000NuQQf,0.54012036
001i000000NuQQx,0.54012036
001i000000NuQQz,0.54012036
001i000000NuQRG,0.54012036
001i000000NuQRI,0.54012036
001i000000NuQRP,0.54012036
001i000000NuQRU,0.54012036
001i000000NuQRa,0.54012036
001i000000NuQRb,0.54012036
001i000000NuQRh,0.54012036
001i000000NuQRo,0.54012036
001i000000NuQRs,0.0045296466
001i000000NuQRt,0.2349282
001i000000NuQS2,0.004369832
001i000000NuQS8,0.54012036
001i000000NuQSR,0.68529797
001i000000NuQSZ,0.54012036
001i000000NuQSc,0.68529797
001i000000NuQSg,0.54012036
001i000000NuQSh,0.54012036
001i000000NuQTG,0.54012036
001i000000NuQTH,0.54012036
001i000000NuQTK,0.54012036
001i000000NuQTL,0.68529797
001i000000NuQTS,0.68529797
001i000000NuQTX,0.54012036
001i000000NuQTc,0.68529797
001i000000NuQTq,0.54012036
001i000000NuQTt,0.54012036
001i000000NuQTv,0.54012036
001i000000NuQTx,0.54012036
001i000000NuQU0,0.54012036
001i000000NuQU6,0.54012036
001i000000NuQU9,0.60931534
001i000000NuQUN,0.071071446
001i000000NuQUP,0.5373106
001i000000NuQUT,0.54012036
001i000000NuQUa,0.68529797
001i000000NuQUc,0.54012036
001i000000NuQUg,0.8557315
001i000000NuQUt,0.68529797
001i000000NuQV7,0.68529797
001i000000NuQVC,0.68529797
001i000000NuQVH,0.54012036
001i000000NuQVt,0.54012036
001i000000NuQW9,0.7433575
001i000000NuQWH,0.68529797
001i000000NuQWJ,0.54012036
001i000000NuQWK,0.54012036
001i000000NuQWO,0.54012036
001i000000NuQWQ,0.54012036
001i000000NuQWS,0.54012036
001i000000NuQWd,0.30381814
001i000000NuQWe,0.41875687
001i000000NuQWm,0.2810789
001i000000NuQWo,0.038469534
001i000000NuQWt,0.37828022
001i000000NuQX2,0.029985791
001i000000NuQX9,0.54012036
001i000000NuQXG,0.68529797
001i000000NuQXL,0.68529797
001i000000NuQXO,0.54012036
001i000000NuQXP,0.68529797
001i000000NuQXX,0.54012036
001i000000NuQXb,0.54012036
001i000000NuQXd,0.09778138
001i000000NuQXj,0.54012036
001i000000NuQXs,0.54012036
001i000000NuQXz,0.05287486
001i000000NuQY0,0.35628125
001i000000NuQY3,0.68529797
001i000000NuQY9,0.54012036
001i000000NuQYD,0.54012036
001i000000NuQYO,0.54012036
001i000000NuQYS,0.54012036
001i000000NuQYd,0.54012036
001i000000NuQYe,0.54012036
001i000000NuQYh,0.54012036
001i000000NuQYk,0.54012036
001i000000NuQYl,0.54012036
001i000000NuQZ1,0.54012036
001i000000NuQZ4,0.54012036
001i000000NuQZ6,0.54012036
001i000000NuQZ7,0.54012036
001i000000NuQZE,0.54012036
001i000000NuQZO,0.54012036
001i000000NuQZT,0.54012036
001i000000NuQZi,0.68529797
001i000000NuQZo,0.54012036
001i000000NuQZq,0.03819889
001i000000NuQZs,0.54012036
001i000000NuQZv,0.68529797
001i000000NuQa3,0.68529797
001i000000NuQa6,0.54012036
001i000000NuQa7,0.54012036
001i000000NuQa8,0.54012036
001i000000NuQa9,0.54012036
001i000000NuQaF,0.10594676
001i000000NuQaJ,0.54012036
001i000000NuQaR,0.54012036
001i000000NuQad,0.54012036
001i000000NuQah,0.54012036
001i000000NuQap,0.68529797
001i000000NuQar,0.54012036
001i000000NuQas,0.54012036
001i000000NuQaz,0.54012036
001i000000NuQb2,0.54012036
001i000000NuQb7,0.54012036
001i000000NuQbU,0.68529797
001i000000NuQbi,0.68529797
001i000000NuQbm,0.54012036
001i000000NuQbr,0.54012036
001i000000NuQbx,0.37986854
001i000000NuQby,0.54012036
001i000000NuQc5,0.54012036
001i000000NuQc7,0.54012036
001i000000NuQcF,0.68529797
001i000000NuQcG,0.54012036
001i000000NuQcH,0.54012036
001i000000NuQcN,0.6739308
001i000000NuQcR,0.68529797
001i000000NuQcW,0.68529797
001i000000NuQca,0.68529797
001i000000NuQce,0.68529797
001i000000NuQcr,0.013673508
001i000000NuQcu,0.76684415
001i000000NuQcv,0.1508892
001i000000NuQd9,0.54012036
001i000000NuQdK,0.54012036
001i000000NuQdQ,0.68529797
001i000000NuQdf,0.54012036
001i000000NuQdg,0.54012036
001i000000NuQdw,0.54012036
001i000000NuQe0,0.54012036
001i000000NuQe4,0.54012036
001i000000NuQe5,0.54012036
001i000000NuQe6,0.54012036
001i000000NuQeF,0.54012036
001i000000NuQeL,0.12060277
001i000000NuQeN,0.41875687
001i000000NuQeg,0.41875687
001i000000NuQeh,0.34920397
001i000000NuQek,0.76216906
001i000000NuQer,0.54012036
001i000000NuQeu,0.54012036
001i000000NuQey,0.54012036
001i000000NuQf1,0.68529797
001i000000NuQfH,0.54012036
001i000000NuQff,0.54012036
001i000000NuQfl,0.68529797
001i000000NuQfm,0.68529797
001i000000NuQfz,0.339458
001i000000NuQgA,0.68529797
001i000000NuQgL,0.54012036
001i000000NuQgc,0.54012036
001i000000NuQh6,0.68529797
001i000000NuQh7,0.54012036
001i000000NuQh8,0.54012036
001i000000NuQhA,0.54012036
001i000000NuQhG,0.54012036
001i000000NuQhQ,0.68529797
001i000000NuQhR,0.54012036
001i000000NuQhl,0.68529797
001i000000NuQhy,0.68529797
001i000000NuQiD,0.54012036
001i000000NuQiP,0.54012036
001i000000NuQiR,0.54012036
001i000000NuQiV,0.68529797
001i000000NuQic,0.68529797
001i000000NuQid,0.54012036
001i000000NuQig,0.76684415
001i000000NuQii,0.53441656
001i000000NuQiu,0.54012036
001i000000NuQiz,0.54012036
001i000000NuQj1,0.54012036
001i000000NuQj2,0.54012036
001i000000NuQjB,0.54012036
001i000000NuQjH,0.54012036
001i000000NuQjS,0.54012036
001i000000NuQjZ,0.54012036
001i000000NuQja,0.54012036
001i000000NuQjb,0.54012036
001i000000NuQjh,0.5137881
001i000000NuQjj,0.54012036
001i000000NuQjz,0.54012036
001i000000NuQk6,0.54012036
001i000000NuQk7,0.54012036
001i000000NuQk9,0.54012036
001i000000NuQkD,0.62883157
001i000000NuQkE,0.54012036
001i000000NuQkH,0.6663054
001i000000NuQkI,0.49946925
001i000000NuQkK,0.58794105
001i000000NuQkQ,0.68529797
001i000000NuQkT,0.68529797
001i000000NuQkY,0.68529797
001i000000NuQkZ,0.54012036
001i000000NuQke,0.54012036
001i000000NuQkj,0.68529797
001i000000NuQkn,0.54012036
001i000000NuQko,0.54012036
001i000000NuQkt,0.54012036
001i000000NuQl6,0.68529797
001i000000NuQlI,0.68529797
001i000000NuQlQ,0.68529797
001i000000NuQlZ,0.54012036
001i000000NuQle,0.54012036
001i000000NuQlh,0.54012036
001i000000NuQlv,0.54012036
001i000000NuQm3,0.54012036
001i000000NuQm9,0.48471305
001i000000NuQmD,0.54012036
001i000000NuQmJ,0.54012036
001i000000NuQmQ,0.54012036
001i000000NuQmT,0.54012036
001i000000NuQmU,0.68529797
001i000000NuQmW,0.68529797
001i000000NuQme,0.54012036
001i000000NuQmm,0.54012036
001i000000NuQmn,0.54012036
001i000000NuQmo,0.54012036
001i000000NuQmr,0.68529797
001i000000NuQn0,0.1306077
001i000000NuQn9,0.68529797
001i000000NuQnJ,0.6663054
001i000000NuQnN,0.68529797
001i000000NuQnZ,0.54012036
001i000000NuQna,0.60816836
001i000000NuQnh,0.54012036
001i000000NuQno,0.54012036
001i000000NuQo1,0.54012036
001i000000NuQo5,0.54012036
001i000000NuQo8,0.4612263
001i000000NuQoO,0.54012036
001i000000NuQoW,0.75876373
001i000000NuQob,0.54012036
001i000000NuQog,0.053732216
001i000000NuQos,0.54012036
001i000000NuQot,0.54012036
001i000000NuQov,0.023549791
001i000000NuQp2,0.54012036
001i000000NuQp3,0.54012036
001i000000NuQpC,0.54012036
001i000000NuQpD,0.54012036
001i000000NuQpL,0.54012036
001i000000NuQpP,0.6868657
001i000000NuQpQ,0.54012036
001i000000NuQpa,0.54012036
001i000000NuQpe,0.54012036
001i000000NuQpu,0.68529797
001i000000NuQq1,0.54012036
001i000000NuQq2,0.54012036
001i000000NuQq7,0.54012036
001i000000NuQqO,0.54012036
001i000000NuQqR,0.54012036
001i000000NuQqf,0.29420945
001i000000NuQqm,0.54012036
001i000000NuQqn,0.68529797
001i000000NuQqx,0.68529797
001i000000NuQrQ,0.54012036
001i000000NuQrT,0.54012036
001i000000NuQrY,0.4685149
001i000000NuQrc,0.54012036
001i000000NuQrp,0.54012036
001i000000NuQrs,0.68529797
001i000000NuQs2,0.54012036
001i000000NuQs8,0.54012036
001i000000NuQs9,0.54012036
001i000000NuQsA,0.54012036
001i000000NuQsF,0.54012036
001i000000NuQsM,0.54012036
001i000000NuQsZ,0.68529797
001i000000NuQsb,0.01794907
001i000000NuQse,0.54012036
001i000000NuQsh,0.54012036
001i000000NuQsq,0.54012036
001i000000NuQss,0.68529797
001i000000NuQsu,0.54012036
001i000000NuQsx,0.83787227
001i000000NuQt0,0.54012036
001i000000NuQt5,0.68529797
001i000000NuQtA,0.54012036
001i000000NuQtH,0.54012036
001i000000NuQtI,0.54012036
001i000000NuQtQ,0.54012036
001i000000NuQtU,0.54012036
001i000000NuQtW,0.54012036
001i000000NuQtg,0.68529797
001i000000NuQu1,0.54012036
001i000000NuQu4,0.54012036
001i000000NuQu9,0.54012036
001i000000NuQuW,0.54012036
001i000000NuQuq,0.68529797
001i000000NuQur,0.68529797
001i000000NuQv5,0.72778666
001i000000NuQv8,0.68529797
001i000000NuQvh,0.40850943
001i000000NuQvw,0.25358817
001i000000NuQvy,0.68529797
001i000000NuQvz,0.68529797
001i000000NuQw1,0.68529797
001i000000NuQw6,0.68529797
001i000000NuQwA,0.68529797
001i000000NuQwD,0.68529797
001i000000NuQwS,0.06589522
001i000000NuQwW,0.68529797
001i000000NuQwX,0.68529797
001i000000NuQwY,0.68529797
001i000000NuQwf,0.72778666
001i000000NuQwh,0.68529797
001i000000NuQwm,0.68529797
001i000000NuQwo,0.68529797
001i000000NuQwx,0.68529797
001i000000NuQxM,0.68529797
001i000000NuQxW,0.68529797
001i000000NuQxc,0.68529797
001i000000NuQxh,0.68529797
001i000000NuQxn,0.68529797
001i000000NuQy2,0.68529797
001i000000NuQy6,0.68529797
001i000000NuQy8,0.68529797
001i000000NuQyD,0.68529797
001i000000NuQyG,0.68529797
001i000000NuQyK,0.68529797
001i000000NuQyL,0.8596503
001i000000NuQyT,0.5826505
001i000000NuQyV,0.68291646
001i000000NuQye,0.68529797
001i000000NuQz5,0.68529797
001i000000NuQzF,0.68529797
001i000000NuQzG,0.68529797
001i000000NuQzK,0.68529797
001i000000NuQzN,0.68529797
001i000000NuQzk,0.68529797
001i000000NuQzq,0.68529797
001i000000NuQzy,0.68529797
001i000000NuR02,0.68529797
001i000000NuR0J,0.56831324
001i000000NuR0z,0.68529797
001i000000NuR1E,0.3891244
001i000000NuR1F,0.56567883
001i000000NuR1G,0.68529797
001i000000NuR1H,0.68529797
001i000000NuR1I,0.72964823
001i000000NuR1Q,0.68529797
001i000000NuR22,0.68529797
001i000000NuR26,0.53603584
001i000000NuR27,0.68529797
001i000000NuR29,0.53603584
001i000000NuR2D,0.72964823
001i000000NuR2F,0.5748892
001i000000NuR2V,0.68529797
001i000000NuR2Z,0.68529797
001i000000NuR2l,0.68529797
001i000000NuR2n,0.68529797
001i000000NuR2u,0.68529797
001i000000NuR2v,0.68529797
001i000000NuR33,0.68529797
001i000000NuR34,0.68529797
001i000000NuR35,0.68529797
001i000000NuR37,0.68529797
001i000000NuR3E,0.68529797
001i000000NuR3F,0.68529797
001i000000NuR3G,0.68529797
001i000000NuR3H,0.62883157
001i000000NuR3I,0.68529797
001i000000NuR3S,0.68529797
001i000000NuR3V,0.68529797
001i000000NuR3W,0.57311714
001i000000NuR3Y,0.86308557
001i000000NuR3c,0.72778666
001i000000NuR3e,0.87968886
001i000000NuR3n,0.68529797
001i000000NuR3s,0.68529797
001i000000NuR3t,0.68529797
001i000000NuR40,0.68529797
001i000000NuR42,0.68529797
001i000000NuR4L,0.68529797
001i000000NuR4N,0.56737065
001i000000NuR4R,0.68529797
001i000000NuR4U,0.68529797
001i000000NuR4b,0.20413844
001i000000NuR4d,0.60931534
001i000000NuR4f,0.56831324
001i000000NuR4i,0.68529797
001i000000NuR4k,0.68529797
001i000000NuR4n,0.68529797
001i000000NuR4y,0.68529797
001i000000NuR52,0.44784117
001i000000NuR5G,0.6009341
001i000000NuR5J,0.32974437
001i000000NuR5V,0.68529797
001i000000NuR5c,0.68529797
001i000000NuR5j,0.54012036
001i000000NuR5r,0.54012036
001i000000NuR5s,0.30381814
001i000000NuR5y,0.68529797
001i000000NuR63,0.014090961
001i000000NuR6G,0.14849108
001i000000NuR6N,0.14849108
001i000000NuR6P,0.36349872
001i000000NuR6m,0.027722852
001i000000NuR6o,0.54012036
001i000000NuR6s,0.004806214
001i000000NuR6u,0.027722852
001i000000NuR6z,0.977362
001i000000NuR7A,0.07275432
001i000000NuR7C,0.14469731
001i000000NuR7P,0.54012036
001i000000NuR7Q,0.54012036
001i000000NuR7Z,0.54012036
001i000000NuR7h,0.54012036
001i000000NuR7j,0.40775377
001i000000NuR7s,0.48065278
001i000000NuR81,0.5148573
001i000000NuR85,0.5148573
001i000000NuR88,0.5743327
001i000000NuR8R,0.60978895
001i000000NuR8V,0.7128953
001i000000NuR8d,0.54012036
001i000000NuR8g,0.4017597
001i000000NuR8y,0.3919153
001i000000NuR90,0.5926588
001i000000NuR94,0.54012036
001i000000NuR97,0.54012036
001i000000NuR9A,0.54012036
001i000000NuR9F,0.54012036
001i000000NuR9M,0.6029962
001i000000NuR9T,0.68529797
001i000000NuR9U,0.96223146
001i000000NuR9g,0.4685149
001i000000NuR9m,0.54012036
001i000000NuR9t,0.54012036
001i000000NuR9v,0.54012036
001i000000NuRA0,0.54012036
001i000000NuRA7,0.44103605
001i000000NuRAK,0.54012036
001i000000NuRAN,0.7221809
001i000000NuRAi,0.54012036
001i000000NuRAt,0.6029962
001i000000NuRAu,0.54012036
001i000000NuRB1,0.721074
001i000000NuRBI,0.36283845
001i000000NuRBY,0.54012036
001i000000NuRBb,0.68529797
001i000000NuRBv,0.80984473
001i000000NuRC4,0.3891244
001i000000NuRC7,0.54012036
001i000000NuRCF,0.54012036
001i000000NuRCP,0.54012036
001i000000NuRCQ,0.54012036
001i000000NuRCT,0.54012036
001i000000NuRCi,0.6773745
001i000000NuRCl,0.3659886
001i000000NuRCv,0.2810789
001i000000NuRCx,0.4612263
001i000000NuRCy,0.54012036
001i000000NuRD2,0.40850943
001i000000NuRD3,0.58794105
001i000000NuRD9,0.4612263
001i000000NuRDC,0.9088597
001i000000NuRDG,0.33224738
001i000000NuRDK,0.76684415
001i000000NuRDd,0.76684415
001i000000NuRDi,0.54012036
001i000000NuRDn,0.54012036
001i000000NuRE2,0.78746986
001i000000NuRE7,0.54012036
001i000000NuREK,0.54012036
001i000000NuREO,0.54012036
001i000000NuREQ,0.88049614
001i000000NuREi,0.68831074
001i000000NuREo,0.53441656
001i000000NuREv,0.62883157
001i000000NuRF1,0.62883157
001i000000NuRF4,0.88049614
001i000000NuRF5,0.54012036
001i000000NuRF7,0.54012036
001i000000NuRFF,0.68831074
001i000000NuRFH,0.4612263
001i000000NuRFJ,0.53441656
001i000000NuRFR,0.010451081
001i000000NuRFx,0.54012036
001i000000NuRG3,0.54012036
001i000000NuRG8,0.30309153
001i000000NuRGA,0.53441656
001i000000NuRGV,0.76684415
001i000000NuRGW,0.58794105
001i000000NuRGh,0.54012036
001i000000NuRGi,0.76684415
001i000000NuRGm,0.49445704
001i000000NuRGr,0.54012036
001i000000NuRGz,0.54012036
001i000000NuRHO,0.54012036
001i000000NuRHQ,0.58127457
001i000000NuRHb,0.54012036
001i000000NuRHl,0.028933037
001i000000NuRHm,0.54012036
001i000000NuRHq,0.54012036
001i000000NuRHt,0.54012036
001i000000NuRI3,0.6642586
001i000000NuRIP,0.6773745
001i000000NuRIf,0.54012036
001i000000NuRIi,0.54012036
001i000000NuRIw,0.54012036
001i000000NuRJ2,0.70852727
001i000000NuRJE,0.6642586
001i000000NuRJJ,0.45441213
001i000000NuRJL,0.84466213
001i000000NuRJM,0.44103605
001i000000NuRJS,0.54012036
001i000000NuRJX,0.6642586
001i000000NuRJa,0.6642586
001i000000NuRJd,0.6642586
001i000000NuRJt,0.70852727
001i000000NuRJv,0.4710457
001i000000NuRJw,0.70864075
001i000000NuRJy,0.54012036
001i000000NuRKD,0.33224738
001i000000NuRKJ,0.54012036
001i000000NuRKR,0.54012036
001i000000NuRKS,0.31478328
001i000000NuRKf,0.54012036
001i000000NuRKn,0.54012036
001i000000NuRKu,0.4459846
001i000000NuRL4,0.4710457
001i000000NuRL7,0.6064645
001i000000NuRLG,0.31478328
001i000000NuRLI,0.71533585
001i000000NuRLL,0.58127457
001i000000NuRLN,0.6663054
001i000000NuRLS,0.31478328
001i000000NuRLq,0.54012036
001i000000NuRLt,0.20208132
001i000000NuRLv,0.68529797
001i000000NuRM5,0.68831074
001i000000NuRMB,0.54012036
001i000000NuRMC,0.36283845
001i000000NuRMI,0.62883157
001i000000NuRMS,0.45441213
001i000000NuRMX,0.04673148
001i000000NuRMv,0.54012036
001i000000NuRMw,0.53441656
001i000000NuRN9,0.76684415
001i000000NuRNI,0.54012036
001i000000NuRNL,0.54012036
001i000000NuRNT,0.54012036
001i000000NuRNU,0.76684415
001i000000NuRNW,0.62883157
001i000000NuRNa,0.54012036
001i000000NuRNb,0.55062085
001i000000NuRNn,0.76684415
001i000000NuRNw,0.76684415
001i000000NuRO0,0.54012036
001i000000NuRO3,0.3659886
001i000000NuRO5,0.54012036
001i000000NuROB,0.54012036
001i000000NuROC,0.58794105
001i000000NuROG,0.34153032
001i000000NuROH,0.54012036
001i000000NuROJ,0.54012036
001i000000NuRON,0.2762551
001i000000NuROS,0.54012036
001i000000NuROc,0.49946925
001i000000NuROq,0.54012036
001i000000NuROt,0.54012036
001i000000NuRP0,0.33357218
001i000000NuRPB,0.68529797
001i000000NuRPG,0.54012036
001i000000NuRPH,0.4685149
001i000000NuRPJ,0.6642586
001i000000NuRPR,0.54012036
001i000000NuRPi,0.78746986
001i000000NuRPm,0.54012036
001i000000NuRPp,0.34153032
001i000000NuRPy,0.54012036
001i000000NuRQF,0.68529797
001i000000NuRQH,0.54012036
001i000000NuRQW,0.54012036
001i000000NuRQc,0.42350852
001i000000NuRQe,0.54012036
001i000000NuRR1,0.33357218
001i000000NuRR3,0.49445704
001i000000NuRRK,0.58127457
001i000000NuRRO,0.54012036
001i000000NuRRP,0.5748892
001i000000NuRRQ,0.54012036
001i000000NuRRU,0.68529797
001i000000NuRRW,0.58794105
001i000000NuRRd,0.6795911
001i000000NuRS3,0.30309153
001i000000NuRSB,0.5705675
001i000000NuRSM,0.55062085
001i000000NuRSS,0.58127457
001i000000NuRST,0.54012036
001i000000NuRSc,0.54012036
001i000000NuRSd,0.33224738
001i000000NuRSm,0.45441213
001i000000NuRSp,0.54012036
001i000000NuRSs,0.5705675
001i000000NuRSy,0.4612263
001i000000NuRT7,0.48471305
001i000000NuRTA,0.54012036
001i000000NuRTD,0.522155
001i000000NuRTI,0.82581574
001i000000NuRTV,0.522155
001i000000NuRTW,0.68529797
001i000000NuRTh,0.5926588
001i000000NuRTj,0.5926588
001i000000NuRU1,0.5926588
001i000000NuRUD,0.522155
001i000000NuRUF,0.5926588
001i000000NuRUH,0.54012036
001i000000NuRUM,0.71533585
001i000000NuRUP,0.522155
001i000000NuRUQ,0.5926588
001i000000NuRUW,0.54012036
001i000000NuRUd,0.5926588
001i000000NuRUz,0.53441656
001i000000NuRVB,0.4710457
001i000000NuRVF,0.89318025
001i000000NuRVN,0.54012036
001i000000NuRVP,0.83787227
001i000000NuRVU,0.6642586
001i000000NuRVZ,0.54012036
001i000000NuRVb,0.4710457
001i000000NuRVe,0.6064645
001i000000NuRVm,0.5145189
001i000000NuRVx,0.54012036
001i000000NuRW3,0.11611381
001i000000NuRWA,0.34888092
001i000000NuRWC,0.45441213
001i000000NuRWE,0.4612263
001i000000NuRWL,0.54012036
001i000000NuRWN,0.54012036
001i000000NuRWd,0.014563138
001i000000NuRWl,0.54012036
001i000000NuRWn,0.53441656
001i000000NuRX1,0.7221809
001i000000NuRX9,0.68529797
001i000000NuRXA,0.68529797
001i000000NuRXC,0.68529797
001i000000NuRXE,0.68529797
001i000000NuRXO,0.68529797
001i000000NuRXR,0.68529797
001i000000NuRXc,0.68529797
001i000000NuRXj,0.68529797
001i000000NuRXt,0.68529797
001i000000NuRXv,0.68529797
001i000000NuRY3,0.68529797
001i000000NuRY7,0.68529797
001i000000NuRYF,0.68529797
001i000000NuRYJ,0.68529797
001i000000NuRYW,0.68529797
001i000000NuRYX,0.68529797
001i000000NuRYa,0.68529797
001i000000NuRYn,0.68529797
001i000000NuRYo,0.68529797
001i000000NuRYp,0.70607424
001i000000NuRYu,0.68529797
001i000000NuRZ6,0.68529797
001i000000NuRZC,0.68529797
001i000000NuRZF,0.68529797
001i000000NuRZP,0.68529797
001i000000NuRZW,0.68529797
001i000000NuRa2,0.68529797
001i000000NuRa5,0.68529797
001i000000NuRaH,0.68529797
001i000000NuRac,0.68529797
001i000000NuRam,0.68529797
001i000000NuRaq,0.68529797
001i000000NuRat,0.68529797
001i000000NuRax,0.68529797
001i000000NuRay,0.68529797
001i000000NuRaz,0.68529797
001i000000NuRb0,0.68529797
001i000000NuRb5,0.68529797
001i000000NuRb8,0.68529797
001i000000NuRbN,0.68529797
001i000000NuRbX,0.68529797
001i000000NuRbb,0.68529797
001i000000NuRbc,0.68529797
001i000000NuRbd,0.68529797
001i000000NuRbi,0.68529797
001i000000NuRbu,0.68529797
001i000000NuRbz,0.68529797
001i000000NuRc4,0.68529797
001i000000NuRc8,0.68529797
001i000000NuRcB,0.68529797
001i000000NuRcS,0.68529797
001i000000NuRcV,0.68529797
001i000000NuRcX,0.68529797
001i000000NuRcf,0.68529797
001i000000NuRcp,0.68529797
001i000000NuRcr,0.68529797
001i000000NuRcu,0.68529797
001i000000NuRdG,0.68529797
001i000000NuRdJ,0.68529797
001i000000NuRdO,0.68529797
001i000000NuRdS,0.68529797
001i000000NuRdV,0.68529797
001i000000NuRdY,0.68529797
001i000000NuRda,0.68529797
001i000000NuRdm,0.68529797
001i000000NuRdt,0.68529797
001i000000NuRdw,0.68529797
001i000000NuRe5,0.68529797
001i000000NuReP,0.68529797
001i000000NuReW,0.68529797
001i000000NuRef,0.68529797
001i000000NuRei,0.68529797
001i000000NuRer,0.68529797
001i000000NuRey,0.68529797
001i000000NuRf1,0.68529797
001i000000NuRf2,0.68529797
001i000000NuRfB,0.68529797
001i000000NuRfK,0.68529797
001i000000NuRfe,0.68529797
001i000000NuRfr,0.68529797
001i000000NuRft,0.68529797
001i000000NuRfw,0.68529797
001i000000NuRg1,0.68529797
001i000000NuRg4,0.68529797
001i000000NuRg7,0.68529797
001i000000NuRg9,0.68529797
001i000000NuRgP,0.68529797
001i000000NuRgS,0.68529797
001i000000NuRgg,0.68529797
001i000000NuRgo,0.68529797
001i000000NuRgs,0.68529797
001i000000NuRh4,0.68529797
001i000000NuRh9,0.68529797
001i000000NuRhF,0.68529797
001i000000NuRhH,0.68529797
001i000000NuRhK,0.68529797
001i000000NuRhP,0.68529797
001i000000NuRhV,0.68529797
001i000000NuRha,0.68529797
001i000000NuRhj,0.68529797
001i000000NuRhn,0.68529797
001i000000NuRhv,0.68529797
001i000000NuRhw,0.68529797
001i000000NuRi6,0.68529797
001i000000NuRiK,0.68529797
001i000000NuRia,0.68529797
001i000000NuRib,0.68529797
001i000000NuRif,0.68529797
001i000000NuRig,0.68529797
001i000000NuRii,0.68529797
001i000000NuRik,0.68529797
001i000000NuRin,0.68529797
001i000000NuRip,0.68529797
001i000000NuRir,0.68529797
001i000000NuRis,0.68529797
001i000000NuRiw,0.68529797
001i000000NuRix,0.68529797
001i000000NuRj2,0.68529797
001i000000NuRjB,0.68529797
001i000000NuRjE,0.68529797
001i000000NuRjH,0.68529797
001i000000NuRjJ,0.68529797
001i000000NuRjQ,0.68529797
001i000000NuRjf,0.68529797
001i000000NuRjl,0.68529797
001i000000NuRjp,0.68529797
001i000000NuRjw,0.68529797
001i000000NuRjy,0.68529797
001i000000NuRk2,0.68529797
001i000000NuRk8,0.68529797
001i000000NuRkE,0.68529797
001i000000NuRkI,0.68529797
001i000000NuRkY,0.68529797
001i000000NuRka,0.68529797
001i000000NuRkg,0.68529797
001i000000NuRkj,0.68529797
001i000000NuRl5,0.68529797
001i000000NuRl7,0.68529797
001i000000NuRl8,0.68529797
001i000000NuRlA,0.68529797
001i000000NuRlN,0.68529797
001i000000NuRlW,0.68529797
001i000000NuRla,0.68529797
001i000000NuRld,0.68529797
001i000000NuRlj,0.68529797
001i000000NuRlm,0.68529797
001i000000NuRln,0.68529797
001i000000NuRlr,0.68529797
001i000000NuRlv,0.68529797
001i000000NuRm0,0.68529797
001i000000NuRm4,0.54012036
001i000000NuRmG,0.68529797
001i000000NuRmQ,0.68529797
001i000000NuRmU,0.68529797
001i000000NuRnC,0.68529797
001i000000NuRnE,0.68529797
001i000000NuRnN,0.68529797
001i000000NuRng,0.68529797
001i000000NuRno,0.68529797
001i000000NuRnx,0.54012036
001i000000NuRo7,0.68529797
001i000000NuRoY,0.68529797
001i000000NuRoc,0.68529797
001i000000NuRpN,0.68529797
001i000000NuRpd,0.68529797
001i000000NuRpf,0.68529797
001i000000NuRps,0.68529797
001i000000NuRq0,0.68529797
001i000000NuRq1,0.68529797
001i000000NuRqD,0.68529797
001i000000NuRqF,0.68529797
001i000000NuRqO,0.68529797
001i000000NuRqP,0.68529797
001i000000NuRqf,0.68529797
001i000000NuRqw,0.68529797
001i000000NuRr0,0.68529797
001i000000NuRrA,0.68529797
001i000000NuRrG,0.68529797
001i000000NuRrJ,0.68529797
001i000000NuRrX,0.68529797
001i000000NuRrl,0.68529797
001i000000NuRs0,0.68529797
001i000000NuRs7,0.68529797
001i000000NuRsJ,0.68529797
001i000000NuRsQ,0.68529797
001i000000NuRsV,0.68529797
001i000000NuRsp,0.68529797
001i000000NuRtN,0.68529797
001i000000NuRtU,0.68529797
001i000000NuRtn,0.68529797
001i000000NuRtv,0.68529797
001i000000NuRuC,0.68529797
001i000000NuRuR,0.68529797
001i000000NuRue,0.68529797
001i000000NuRw2,0.68529797
001i000000NuRwV,0.68529797
001i000000NuRwu,0.68529797
001i000000NuRxY,0.68529797
001i000000NuRxa,0.68529797
001i000000NuRy0,0.68529797
001i000000NuRyA,0.68529797
001i000000NuRyC,0.68529797
001i000000NuRyE,0.68529797
001i000000NuRyH,0.68529797
001i000000NuRyU,0.68529797
001i000000NuRyY,0.68529797
001i000000NuRyb,0.5910545
001i000000NuRyh,0.68529797
001i000000NuRyz,0.68529797
001i000000NuRz2,0.68529797
001i000000NuRzN,0.68529797
001i000000NuRzO,0.68529797
001i000000NuRzQ,0.68529797
001i000000NuRzm,0.68529797
001i000000NuRzv,0.68529797
001i000000NuS0Q,0.68529797
001i000000NuS0S,0.68529797
001i000000NuS0b,0.68529797
001i000000NuS0d,0.54012036
001i000000NuS0j,0.68529797
001i000000NuS0v,0.68529797
001i000000NuS0w,0.68529797
001i000000NuS1K,0.68529797
001i000000NuS1O,0.68529797
001i000000NuS1U,0.68529797
001i000000NuS1b,0.68529797
001i000000NuS1c,0.68529797
001i000000NuS1j,0.68529797
001i000000NuS1p,0.68529797
001i000000NuS23,0.68529797
001i000000NuS2C,0.68529797
001i000000NuS3H,0.68529797
001i000000NuS3W,0.68529797
001i000000NuS3a,0.68529797
001i000000NuS49,0.68529797
001i000000NuS4u,0.68529797
001i000000NuS5O,0.68529797
001i000000NuS5X,0.68529797
001i000000NuS5q,0.68529797
001i000000NuS6L,0.68529797
001i000000NuS6M,0.68529797
001i000000NuS6N,0.68529797
001i000000NuS6U,0.68529797
001i000000NuS6y,0.68529797
001i000000NuS7L,0.68529797
001i000000NuS7O,0.68529797
001i000000NuS7T,0.68529797
001i000000NuS7h,0.68529797
001i000000NuS89,0.68529797
001i000000NuS8K,0.68529797
001i000000NuS8R,0.68529797
001i000000NuS8e,0.68529797
001i000000NuS98,0.68529797
001i000000NuS9O,0.68529797
001i000000NuS9P,0.68529797
001i000000NuS9Y,0.68529797
001i000000NuSA1,0.68529797
001i000000NuSAF,0.68529797
001i000000NuSAQ,0.68529797
001i000000NuSoS,0.9133659
001i000000NuSoW,0.12189436
001i000000NuSod,0.37173328
001i000000NuSoh,0.47148827
001i000000NuSon,0.3368562
001i000000NuSow,0.88346046
001i000000NuSp1,0.6301885
001i000000NuSpJ,0.4100271
001i000000NuSpT,0.3503471
001i000000NuSpU,0.5997341
001i000000NuSpb,0.60644907
001i000000NuSpf,0.51732254
001i000000NuSpg,0.68529797
001i000000NuSqD,0.8111997
001i000000P3RYp,0.68529797
001i000000P3q7j,0.044454012
001i000000P5kd2,0.16274835
001i000000Q1Y0G,0.16274835
001i000000Q3OQS,0.02270148
001i000000Y0Lnj,0.55851865
001i000000ZqfMa,0.68529797
001i000000Zt6yh,0.54012036
001i000000ZtAP2,0.54012036
001i000000ZtB0Y,0.60816836
001i000000ZtRoA,0.54012036
001i000000ZtSFb,0.54012036
001i000000ZuXlS,0.54012036
001i000000aSAb5,0.54012036
001i000000aSCda,0.54012036
001i000000aSQuD,0.54012036
001i000000aTTEn,0.54012036
001i000000aTTlu,0.54012036
001i000000aUDjp,0.54012036
001i000000aUDw5,0.68529797
001i000000aUDxH,0.68529797
001i000000aUDxW,0.68529797
001i000000aUDyF,0.68529797
001i000000bUJa6,0.54012036
001i000000bUKYA,0.54012036
001i000000c1okK,0.54012036
001i000000c296j,0.68529797
001i000000c29Oo,0.54012036
001i000000cCHx7,0.68529797
001i000000cESU8,0.68529797
001i000000cEtsj,0.7548878
001i000000dW8Gx,0.54012036
001i000000elQzC,0.67729735
001i000000elRdp,0.7196467
001i000000elRf2,0.67729735
001i000000elRn8,0.92412585
001i000000elUQU,0.8294005
001i000000elapN,0.9519622
001i000000eltWp,0.54012036
001i000000em09q,0.90476155
001i000000em0X4,0.54012036
001i000000em0XO,0.54012036
001i000000em0YR,0.54012036
001i000000em0ZK,0.54012036
001i000000em0vM,0.54012036
001i000000em18u,0.54012036
001i000000em6nE,0.54012036
001i000000em6vD,0.68529797
001i000000em6xl,0.90476155
001i000000em8pV,0.54012036
001i000000em8pf,0.68529797
001i000000em8uG,0.54012036
001i000000em8wC,0.54012036
001i000000em8wv,0.54012036
001i000000em8yI,0.54012036
001i000000haw61,0.68529797
001i000000oks12,0.7433575
001i000000oks15,0.7433575
001i000000oks1L,0.60816836
001i000000oks1P,0.40850943
001i000000oks1d,0.7433575
001i000000oks1h,0.7433575
001i000000oks1r,0.53441656
001i000000oks1v,0.46895155
001i000000oks1x,0.6029841
001i000000oks20,0.40850943
001i000000oks21,0.87230223
001i000000oks27,0.972225
001i000000oks2D,0.40850943
001i000000oks2J,0.40850943
001i000000oks2V,0.6029841
001i000000oks2W,0.4781036
001i000000oks2Z,0.5910545
001i000000oks2j,0.4821957
001i000000oks33,0.60816836
001i000000oks38,0.53441656
001i000000oks3E,0.70607424
001i000000oks3H,0.60816836
001i000000oks3I,0.60816836
001i000000oks3K,0.7433575
001i000000oks3P,0.53441656
001i000000oks3t,0.7433575
001i000000oks3v,0.7705756
001i000000oks40,0.7433575
001i000000oks47,0.60816836
001i000000oks49,0.60816836
001i000000oks4A,0.60816836
001i000000oks4H,0.513738
001i000000oks4K,0.4821957
001i000000oks4b,0.60816836
001i000000oks4g,0.7433575
001i000000oks4k,0.7433575
001i000000oks50,0.40850943
001i000000oks52,0.7433575
001i000000q7wAW,0.60816836
001i000000q7wAs,0.7433575
001i000000q7wAy,0.4821957
001i000000slXqy,0.9154279
001i000000sunvd,0.82801646
001i0000017AZ6N,0.68529797
001i0000017bRZD,0.54012036
001i0000017bU6I,0.68529797
001i0000018979H,0.54012036
001i0000018BZUr,0.54012036
